Datenpunkt ID;Name;ADDR
SystemIdent_SX;Regelung Software-Index;0x00F8
GWGReglerkennung;Reglerkennung;0x00F9
GWG_Kennung;GerÑt;0x00F9
NRF_TiefpassTemperaturwert_ATS;Aussentemperatur;0x080E
TiefpassTemperaturwert_KTS_A1;Vorlauftemperatur;0x0810
TiefpassTemperaturwert_KTS;Kesseltemperatur;0x0810
NRF_TiefpassTemperaturwert_PTSO;Puffertemperatur Oben;0x0810
NRF_TiefpassTemperaturwert_PTSU;Puffertemperatur Unten;0x0812
TiefpassTemperaturwertWW1;Temperatur Speicher Ladesensor Komfortsensor;0x0812
TiefpassTemperaturwert_STS1;Warmwassertemperatur (STS1);0x0812
NRF_TiefpassTemperaturwert_STS;Speichertemperatur;0x0814
TiefpassTemperaturwert_STS2;Warmwassertemperatur (STS2);0x0814
TiefpassTemperaturwerWW2;Auslauftemperatur;0x0814
NRF_TiefpassTemperaturwert_VTSM1;Vorlauftemperatur M1;0x0816
NRF_TiefpassTemperaturwert_VTSM2;Vorlauftemperatur M2;0x0818
NRF_TiefpassTemperaturwert_STSSOL;Speichertemperatur Solar;0x081A
RelaisK12;Relais K12 Interne Anschlu·erweiterung;0x0842
FlowSwitch;Flow Switch;0x0883
BetriebsstundenBrenner1;Betriebsstunden Brenner Stufe 1;0x0886
BetriebsstundenBrennerGWG;Betriebsstunden Brenner ;0x0886
NRF_K8A_Brennerstarts;Brennerstarts;0x088A
BrennerstartsGWG;Brennerstarts;0x088A
BrennerstartsGWGReset;Anzahl Brennerstarts zurÅcksetzen;0x088A
Uhrzeit;Datum und Uhrzeit ;0x088E
TiefpassTemperatur_RTS_A1M1;Raumtemperatur;0x0896
TiefpassTemperaturwert_RTS_M2;Raumtemperatur;0x0898
BetriebsstundenBrennerResetGWG;Betriebsstunden Brenner zurÅcksetzen;0x08A7
NRF_BetriebszeitBrenner1Be;Betriebszeit Brenner 1;0x08A7
BetriebsstundenBrennerBedienungGWG;Brenner-Betriebsstunden ;0x08A7
NRF_AusgaengeNeutral;Alle AusgÑnge werden in den spannungslosen, neutralen Zustand geschaltet.;0x08AE
NRF_Brennstoffverbrauch;Brennstoffverbrauch (lesen und schreiben von der Datenschnittstelle);0x08B0
NRF_BetriebszeitStandby;Betriebszeit Standby (lesen und schreiben von der Datenschnittstelle);0x08B8
SachnummerGLP;Sachnummer Grundleiterplatte;0x08C0
NRF_BetriebszeitSolarkreispumpe;Betriebszeit Solarkreispumpe (lesen und schreiben von der Datenschnittstelle);0x08D0
NRF_BetriebszeitSolarkreispumpeBedien;Betriebszeit Solarkreispumpe Bedien (lesen und schreiben von der Datenschnittstelle);0x08D4
NRF_SolarErtrag;Nicht rÅcksetzbarer Solarertrag;0x08D8
NRF_SolarErtragBedien;SolarErtragBedien;0x08DC
WPR_Uhrzeit;Datum und Uhrzeit  WPR;0x08E0
Sachnummer;Sachnummer Reglerprozessor;0x08E0
NRF_UTCCounter;UTC Counter;0x08F6
NRF_Aussentemperatur_Regelung;Aussentemperatur Regelung;0x0952
Umschaltventil;Umschaltventil;0x0A10
KM_Error_Mischer;KM-Bus-Fehler Mischererweiterung;0x0A31
KM_Error_AE;KM-Bus-Fehler Ext. Erweiterung;0x0A32
KM_Error_PumpeA1;KM-Bus-Fehler Pumpe A1;0x0A33
KM_Error_MischerM2;KM-Bus-Fehler Mischererweiterung HK2;0x0A33
KM_Error_MischerM3;KM-Bus-Fehler Mischererweiterung HK3;0x0A34
KM_Error_PumpeM2;KM-Bus-Fehler Pumpe M2;0x0A34
KM_Error_PumpeIntern;KM-Bus-Fehler Interne Pumpe;0x0A35
KM_Error_PumpeNR1_A1;KM-Bus-Fehler Pumpe A1;0x0A35
KM_Error_PumpeNR1_M2;KM-Bus-Fehler Pumpe M2;0x0A36
KM_Error_Vitocom;KM-Bus-Fehler Vitocom 100;0x0A36
KM_Error_PumpeNR1_M3;KM-Bus-Fehler Pumpe M3;0x0A37
KM_Error_VitocomNR1;KM-Bus-Fehler Vitocom 100;0x0A38
KM_Error_D2_NR1;KM-Bus-Fehler Schaltmodul-V;0x0A39
HKP_A1_res;Heizkreispumpe A1 Solldrehzahl;0x0A3A
KM_Error_AE_NR1;KM-Bus-Fehler Funktionserweiterung 0-10V;0x0A3A
HKP_M2_res;Heizkreispumpe M2 Solldrehzahl;0x0A3B
KM_Error_Solar_NR1;KM-Bus-Fehler Vitosolic;0x0A3B
InternePumpeDrehzahl_res;Interne Pumpe Solldrehzahl;0x0A3C
SWIndex_Solar;Solarregelung Software-Index;0x0A40
NRF_SWIndex_FB_M1;Fernbedienung M1 Software-Index;0x0A40
SWIndexNR1_FB1;Fernbedienung A1 Software-Index;0x0A40
SWIndexNR1_FB2;Fernbedienung M2 Software-Index;0x0A44
SWIndex_Mischer;Mischererweiterung Software-Index;0x0A44
NRF_SWIndex_FB_M2;Fernbedienung M2 Software-Index;0x0A44
SWIndexNR1_FB3;Fernbedienung M3 Software-Index;0x0A48
SWIndex_Mischer_M1;Softwareindex Mischer M1;0x0A48
SWIndex_extAE;Externe Anschlu·erweiterung Software-Index;0x0A48
SWIndex_Pumpe1;Pumpe A1 Software-Index;0x0A4C
SWIndex_MischerNR1_M2;Mischererweiterung M2 Software-Index;0x0A4C
SWIndex_Mischer_M2;Softwareindex Mischer M2;0x0A4C
SWIndex_MischerNR1_M3;Mischererweiterung M3 Software-Index;0x0A50
SWIndex_Dekatel_M;Softwareindex Dekatel M;0x0A50
SWIndex_Pumpe2;Pumpe M2 Software-Index;0x0A50
SWIndex_IntPumpe;Interne Pumpe Software-Index;0x0A54
SWIndex_PumpeNR1_A1;Pumpe A1 Software-Index;0x0A54
SWIndex_Vitocom;Vitocom 100 Software-Index;0x0A58
SWIndex_PumpeNR1_M2;Pumpe M2 Software-Index;0x0A58
SWIndex_Vitosolic;Softwareindex Vitosolic;0x0A58
SWIndex_PumpeNR1_M3;Pumpe M3 Software-Index;0x0A5C
SWIndex_FB1;Fernbedienung A1 Software-Index;0x0A5C
SWIndex_FB2;Fernbedienung M2 Software-Index;0x0A60
SWIndex_VitocomNR1;Vitocom 100 Software-Index;0x0A60
SWIndex_D2_NR1;Schaltmodul-V Software-Index;0x0A64
SWIndex_AE_NR1;Externe Anschlu·erweiterung Software-Index;0x0A68
SWIndex_SolarNR1;Solarregelung Software-Index;0x0A6C
AE_Eingang1;ext. Anfordern/ Betriebsartenumschaltung;0x0A80
AE_Eingang2;ext. Sperren;0x0A81
ExtAE_Sammel;Sammelstîrung;0x0A82
AE_Eingang0_10;Eingang 0-10 V;0x0A86
Sachnummer_GWG_Codierstecker;Sachnummer Codierstecker;0x1010
GWG_Codierstecker_Jahr;Inbetriebnahmedatum Jahr;0x1020
GWG_Codierstecker_Monat;Inbetriebnahmedatum Monat;0x1020
GWG_Codierstecker_Tag;Inbetriebnahmedatum Tag;0x1020
GWG_Codierstecker_maxHZ_Leistung;GWG32: Begrenzung max. Heizleistung;0x1030
GWG_Codierstecker_UV;GWG34: Bauart Umschaltventil;0x1030
GWG_Codierstecker_maxWW_Leistung;GWG30: Begrenzung max. Warmwasserleistung;0x1030
GWG_Codierstecker_Kennziffer;Kennziffer Codierkarte;0x1040
GWG_Codierstecker_Brennertyp;GWG53: Brennertyp;0x1050
GWG_Codierstecker_Geraetetyp;GWG50: GerÑtetyp;0x1050
GWG_Codierstecker_BereichWWSollMin;GWG5B: Bereichsgrenze min. Warmwassersolltemperatur;0x1050
GWG_Codierstecker_WWmaxLeistung;GWG5C: Absolute Begrenzung max. Warmwasserleistung;0x1050
GWG_Codierstecker_HZmaxLeistung;GWG5D: Absolute Begrenzung max. Heizleistung;0x1050
GWG_Codierstecker_BereichWWSollMax;GWG5A: Bereichsgrenze max. Warmwassersolltemperatur;0x1050
GWG_Codierstecker_BereichKTSollMax;GWG58: Bereichsgrenze max. Kesselsolltemperatur;0x1050
GWG_Codierstecker_BauartWW;GWG51: Bauart Warmwasser;0x1050
GWG_Codierstecker_BereichKTSollMin;GWG59: Bereichsgrenze min. Kesselsolltemperatur;0x1050
GWG_Codierstecker_Pause_Abbruch;GWG66: Differenztemperatur zum Abbruch der Brennermindestpausenzeit;0x1060
GWG_Codierstecker_Pause_AbbruchT;GWG67: Temperatur zum Abbruch der Brennermindestpausenzeit;0x1060
GWG_Codierstecker_N_KT_Regler;GWG63: Reglernachstellzeit KT-Regler;0x1060
GWG_Codierstecker_AusDiff;GWG61: Ausschaltdifferenz;0x1060
GWG_Codierstecker_AusMax;GWG64: Ausschaltdifferenz Brenner bei Volllast;0x1060
GWG_Codierstecker_KT_Regler;GWG62: ReglerverstÑrkung KT-Regler;0x1060
GWG_Codierstecker_EinDiff;GWG60: Einschaltdifferenz;0x1060
GWG_Codierstecker_Pause;GWG65: Brennermindestpausenzeit;0x1060
GWG_Codierstecker_KTMin;GWG70: Minimale Kesseltemperatur;0x1070
GWG_Codierstecker_BRMin;GWG71: Brennerminimalleistung;0x1070
GWG_Codierstecker_Nach;GWG76: Nachlaufzeit Interne Pumpe;0x1070
GWG_Codierstecker_PSollSP;GWG74: Kesselsollleistung im SP-Betrieb;0x1070
GWG_Codierstecker_BROffset;GWG72: Offset modulierender Brenner;0x1070
GWG_Codierstecker_DrehzMin;GWG75: Mindestdrehzahl Interne Pumpe;0x1070
GWG_Codierstecker_BROpt;GWG73: Anfahroptimierung modulierender Brenner;0x1070
GWG_Codierstecker_GWG86;GWG86: DLH Reglernachstellzeit;0x1080
GWG_Codierstecker_GWG87;GWG87: DLH Ausschaltdifferenz;0x1080
GWG_Codierstecker_GWG84;GWG84: DLH ReglerverstÑrkung;0x1080
GWG_Codierstecker_GWG80;GWG80: DLH Ausschaltdifferenz Start-Stop Bedingung;0x1080
GWG_Codierstecker_GWG85;GWG85: DLH Reglervorhaltezeit;0x1080
GWG_Codierstecker_GWG83;GWG83: DLH maximale Anstiegsze?it;0x1080
GWG_Codierstecker_GWG88;GWG88: Zirkulationspumpe bei Speicherladung;0x1080
GWG_Codierstecker_GWG82;GWG82: DLH Nachlaufzeit;0x1080
GWG_Codierstecker_GWG81;GWG81: DLH Einschaltdifferenz Start-Stop Bedingung;0x1080
GWG_Codierstecker_GWG92;GWG92: Modulationsgrad bei 20% Leistung;0x1090
GWG_Codierstecker_GWG96;GWG96: Modulationsgrad bei 60% Leistung;0x1090
GWG_Codierstecker_GWG99;GWG99: Modulationsgrad bei 90% Leistung;0x1090
GWG_Codierstecker_GWG95;GWG95: Modulationsgrad bei 50% Leistung;0x1090
GWG_Codierstecker_GWG97;GWG97: Modulationsgrad bei 70% Leistung;0x1090
GWG_Codierstecker_GWG9A;GWG9A: Modulationsgrad bei 100% Leistung;0x1090
GWG_Codierstecker_GWG94;GWG94: Modulationsgrad bei 40% Leistung;0x1090
GWG_Codierstecker_GWG98;GWG98: Modulationsgrad bei 80% Leistung;0x1090
GWG_Codierstecker_GWG91;GWG91: Modulationsgrad bei 10% Leistung;0x1090
GWG_Codierstecker_GWG93;GWG93: Modulationsgrad bei 30% Leistung;0x1090
GWG_Codierstecker_GWGA2;GWGA2: Viessmann UV Schrittzahl Verstellweg x2;0x10A0
GWG_Codierstecker_GWGA1;GWGA1: Viessmann UV Frequenz Verstellweg x1;0x10A0
GWG_Codierstecker_GWGA8;GWGA8: Viessmann UV Schrittzahl Verstellweg x5;0x10A0
GWG_Codierstecker_GWGA4;GWGA4: Viessmann UV Schrittzahl Verstellweg x3;0x10A0
GWG_Codierstecker_GWGA6;GWGA6: Viessmann UV Schrittzahl Verstellweg x4;0x10A0
GWG_Codierstecker_GWGA3;GWGA3: Viessmann UV Frequenz Verstellweg x2;0x10A0
GWG_Codierstecker_GWGA5;GWGA5: Viessmann UV Frequenz Verstellweg x3;0x10A0
GWG_Codierstecker_GWGA0;GWGA0: Viessmann UV Schrittzahl Verstellweg x1;0x10A0
GWG_Codierstecker_GWGA7;GWGA7: Viessmann UV Frequenz Verstellweg x4;0x10A0
GWG_Codierstecker_GWGAA;GWGAA: Viessmann UV Position Heizen;0x10A0
GWG_Codierstecker_GWGA9;GWGA9: Viessmann UV Frequenz Verstellweg x5;0x10A0
GWG_Codierstecker_GWGB8;GWGB8: Wilo UV Schrittzahl Verstellweg x5;0x10B0
GWG_Codierstecker_GWGB4;GWGB4: Wilo UV Schrittzahl Verstellweg x3;0x10B0
GWG_Codierstecker_GWGB5;GWGB5: Wilo UV Frequenz Verstellweg x3;0x10B0
GWG_Codierstecker_GWGB6;GWGB6: Wilo UV Schrittzahl Verstellweg x4;0x10B0
GWG_Codierstecker_GWGB2;GWGB2: Wilo UV Schrittzahl Verstellweg x2;0x10B0
GWG_Codierstecker_GWGB7;GWGB7: Wilo UV Frequenz Verstellweg x4;0x10B0
GWG_Codierstecker_GWGB9;GWGB9: Wilo UV Frequenz Verstellweg x5;0x10B0
GWG_Codierstecker_GWGB0;GWG_B0: Wilo UV Schrittzahl Verstellweg x1;0x10B0
GWG_Codierstecker_GWGB3;GWGB3: Wilo UV Frequenz Verstellweg x2;0x10B0
GWG_Codierstecker_GWGB1;GWGB1: Wilo UV Frequenz Verstellweg x1;0x10B0
GWG_Codierstecker_GWGBA;GWGBA: Wilo UV Position Heizen;0x10B0
GWG_Codierstecker_GWGC5;GWGC5: Grundfos UV Frequenz Verstellweg x3;0x10C0
GWG_Codierstecker_GWGC0;GWGC0: Grundfos UV Schrittzahl Verstellweg x1;0x10C0
GWG_Codierstecker_GWGC2;GWGC2: Grundfos UV Schrittzahl Verstellweg x2;0x10C0
GWG_Codierstecker_GWGC8;GWGC8: Grundfos UV Schrittzahl Verstellweg x5;0x10C0
GWG_Codierstecker_GWGC4;GWGC4: Grundfos UV Schrittzahl Verstellweg x3;0x10C0
GWG_Codierstecker_GWGC1;GWGC1: Grundfos UV Frequenz Verstellweg x1;0x10C0
GWG_Codierstecker_GWGC6;GWGC6: Grundfos UV Schrittzahl Verstellweg x4;0x10C0
GWG_Codierstecker_GWGCA;GWGCA: Grundfos UV Position Heizen;0x10C0
GWG_Codierstecker_GWGC9;GWGC9: Grundfos UV Frequenz Verstellweg x5;0x10C0
GWG_Codierstecker_GWGC7;GWGC7: Grundfos UV Frequenz Verstellweg x4;0x10C0
GWG_Codierstecker_GWGC3;GWGC3: Grundfos UV Frequenz Verstellweg x2;0x10C0
Schaltzeiten_A1M1_HK_Montag_01;Schaltzeiten_A1M1_HK_Montag_01;0x2000
Schaltzeiten_A1M1_HK_Montag_00;Schaltzeiten_A1M1_HK_Montag_00;0x2000
Schaltzeiten_A1M1_HK_Montag_07;Schaltzeiten_A1M1_HK_Montag_07;0x2000
Schaltzeiten_A1M1_HK_Montag_05;Schaltzeiten_A1M1_HK_Montag_05;0x2000
Schaltzeiten_A1M1_HK_Montag_03;Schaltzeiten_A1M1_HK_Montag_03;0x2000
Schaltzeiten_A1M1_HK_Montag_02;Schaltzeiten_A1M1_HK_Montag_02;0x2000
Schaltzeiten_A1M1_HK_Montag_06;Schaltzeiten_A1M1_HK_Montag_06;0x2000
Schaltzeiten_A1M1_HK_Montag_04;Schaltzeiten_A1M1_HK_Montag_04;0x2000
Schaltzeiten_A1M1_HK_Dienstag_04;Schaltzeiten_A1M1_HK_Dienstag_04;0x2008
Schaltzeiten_A1M1_HK_Dienstag_06;Schaltzeiten_A1M1_HK_Dienstag_06;0x2008
Schaltzeiten_A1M1_HK_Dienstag_01;Schaltzeiten_A1M1_HK_Dienstag_01;0x2008
Schaltzeiten_A1M1_HK_Dienstag_03;Schaltzeiten_A1M1_HK_Dienstag_03;0x2008
Schaltzeiten_A1M1_HK_Dienstag_02;Schaltzeiten_A1M1_HK_Dienstag_02;0x2008
Schaltzeiten_A1M1_HK_Dienstag_07;Schaltzeiten_A1M1_HK_Dienstag_07;0x2008
Schaltzeiten_A1M1_HK_Dienstag_05;Schaltzeiten_A1M1_HK_Dienstag_05;0x2008
Schaltzeiten_A1M1_HK_Dienstag_00;Schaltzeiten_A1M1_HK_Dienstag_00;0x2008
Schaltzeiten_A1M1_HK_Mittwoch_00;Schaltzeiten_A1M1_HK_Mittwoch_00;0x2010
Schaltzeiten_A1M1_HK_Mittwoch_07;Schaltzeiten_A1M1_HK_Mittwoch_07;0x2010
Schaltzeiten_A1M1_HK_Mittwoch_01;Schaltzeiten_A1M1_HK_Mittwoch_01;0x2010
Schaltzeiten_A1M1_HK_Mittwoch_02;Schaltzeiten_A1M1_HK_Mittwoch_02;0x2010
Schaltzeiten_A1M1_HK_Mittwoch_04;Schaltzeiten_A1M1_HK_Mittwoch_04;0x2010
Schaltzeiten_A1M1_HK_Mittwoch_05;Schaltzeiten_A1M1_HK_Mittwoch_05;0x2010
Schaltzeiten_A1M1_HK_Mittwoch_06;Schaltzeiten_A1M1_HK_Mittwoch_06;0x2010
Schaltzeiten_A1M1_HK_Mittwoch_03;Schaltzeiten_A1M1_HK_Mittwoch_03;0x2010
Schaltzeiten_A1M1_HK_Donnerstag_01;Schaltzeiten_A1M1_HK_Donnerstag_01;0x2018
Schaltzeiten_A1M1_HK_Donnerstag_05;Schaltzeiten_A1M1_HK_Donnerstag_05;0x2018
Schaltzeiten_A1M1_HK_Donnerstag_07;Schaltzeiten_A1M1_HK_Donnerstag_07;0x2018
Schaltzeiten_A1M1_HK_Donnerstag_00;Schaltzeiten_A1M1_HK_Donnerstag_00;0x2018
Schaltzeiten_A1M1_HK_Donnerstag_06;Schaltzeiten_A1M1_HK_Donnerstag_06;0x2018
Schaltzeiten_A1M1_HK_Donnerstag_04;Schaltzeiten_A1M1_HK_Donnerstag_04;0x2018
Schaltzeiten_A1M1_HK_Donnerstag_03;Schaltzeiten_A1M1_HK_Donnerstag_03;0x2018
Schaltzeiten_A1M1_HK_Donnerstag_02;Schaltzeiten_A1M1_HK_Donnerstag_02;0x2018
Schaltzeiten_A1M1_HK_Freitag_02;Schaltzeiten_A1M1_HK_Freitag_02;0x2020
Schaltzeiten_A1M1_HK_Freitag_01;Schaltzeiten_A1M1_HK_Freitag_01;0x2020
Schaltzeiten?_A1M1_HK_Freitag_03;Schaltzeiten_A1M1_HK_Freitag_03;0x2020
Schaltzeiten_A1M1_HK_Freitag_00;Schaltzeiten_A1M1_HK_Freitag_00;0x2020
Schaltzeiten_A1M1_HK_Freitag_04;Schaltzeiten_A1M1_HK_Freitag_04;0x2020
Schaltzeiten_A1M1_HK_Freitag_05;Schaltzeiten_A1M1_HK_Freitag_05;0x2020
Schaltzeiten_A1M1_HK_Freitag_06;Schaltzeiten_A1M1_HK_Freitag_06;0x2020
Schaltzeiten_A1M1_HK_Freitag_07;Schaltzeiten_A1M1_HK_Freitag_07;0x2020
Schaltzeiten_A1M1_HK_Samstag_06;Schaltzeiten_A1M1_HK_Samstag_06;0x2028
Schaltzeiten_A1M1_HK_Samstag_00;Schaltzeiten_A1M1_HK_Samstag_00;0x2028
Schaltzeiten_A1M1_HK_Samstag_01;Schaltzeiten_A1M1_HK_Samstag_01;0x2028
Schaltzeiten_A1M1_HK_Samstag_05;Schaltzeiten_A1M1_HK_Samstag_05;0x2028
Schaltzeiten_A1M1_HK_Samstag_07;Schaltzeiten_A1M1_HK_Samstag_07;0x2028
Schaltzeiten_A1M1_HK_Samstag_02;Schaltzeiten_A1M1_HK_Samstag_02;0x2028
Schaltzeiten_A1M1_HK_Samstag_03;Schaltzeiten_A1M1_HK_Samstag_03;0x2028
Schaltzeiten_A1M1_HK_Samstag_04;Schaltzeiten_A1M1_HK_Samstag_04;0x2028
Schaltzeiten_A1M1_HK_Sonntag_05;Schaltzeiten_A1M1_HK_Sonntag_05;0x2030
Schaltzeiten_A1M1_HK_Sonntag_07;Schaltzeiten_A1M1_HK_Sonntag_07;0x2030
Schaltzeiten_A1M1_HK_Sonntag_06;Schaltzeiten_A1M1_HK_Sonntag_06;0x2030
Schaltzeiten_A1M1_HK_Sonntag_04;Schaltzeiten_A1M1_HK_Sonntag_04;0x2030
Schaltzeiten_A1M1_HK_Sonntag_03;Schaltzeiten_A1M1_HK_Sonntag_03;0x2030
Schaltzeiten_A1M1_HK_Sonntag_01;Schaltzeiten_A1M1_HK_Sonntag_01;0x2030
Schaltzeiten_A1M1_HK_Sonntag_02;Schaltzeiten_A1M1_HK_Sonntag_02;0x2030
Schaltzeiten_A1M1_HK_Sonntag_00;Schaltzeiten_A1M1_HK_Sonntag_00;0x2030
NRF_Schaltzeiten_M1_WW_Montag_03;Schaltzeiten_M1_WW_Montag_03;0x2080
NRF_Schaltzeiten_M1_WW_Montag_02;Schaltzeiten_M1_WW_Montag_02;0x2080
NRF_Schaltzeiten_M1_WW_Montag_01;Schaltzeiten_M1_WW_Montag_01;0x2080
NRF_Schaltzeiten_M1_WW_Montag_04;Schaltzeiten_M1_WW_Montag_04;0x2080
NRF_Schaltzeiten_M1_WW_Montag_05;Schaltzeiten_M1_WW_Montag_05;0x2080
NRF_Schaltzeiten_M1_WW_Montag_00;Schaltzeiten_M1_WW_Montag_00;0x2080
NRF_Schaltzeiten_M1_WW_Montag_07;Schaltzeiten_M1_WW_Montag_07;0x2080
NRF_Schaltzeiten_M1_WW_Montag_06;Schaltzeiten_M1_WW_Montag_06;0x2080
NRF_Schaltzeiten_M1_WW_Dienstag_04;Schaltzeiten_M1_WW_Dienstag_04;0x2088
NRF_Schaltzeiten_M1_WW_Dienstag_06;Schaltzeiten_M1_WW_Dienstag_06;0x2088
NRF_Schaltzeiten_M1_WW_Dienstag_01;Schaltzeiten_M1_WW_Dienstag_01;0x2088
NRF_Schaltzeiten_M1_WW_Dienstag_03;Schaltzeiten_M1_WW_Dienstag_03;0x2088
NRF_Schaltzeiten_M1_WW_Dienstag_00;Schaltzeiten_M1_WW_Dienstag_00;0x2088
NRF_Schaltzeiten_M1_WW_Dienstag_07;Schaltzeiten_M1_WW_Dienstag_07;0x2088
NRF_Schaltzeiten_M1_WW_Dienstag_05;Schaltzeiten_M1_WW_Dienstag_05;0x2088
NRF_Schaltzeiten_M1_WW_Dienstag_02;Schaltzeiten_M1_WW_Dienstag_02;0x2088
NRF_Schaltzeiten_M1_WW_Mittwoch_00;Schaltzeiten_M1_WW_Mittwoch_00;0x2090
NRF_Schaltzeiten_M1_WW_Mittwoch_06;Schaltzeiten_M1_WW_Mittwoch_06;0x2090
NRF_Schaltzeiten_M1_WW_Mittwoch_01;Schaltzeiten_M1_WW_Mittwoch_01;0x2090
NRF_Schaltzeiten_M1_WW_Mittwoch_02;Schaltzeiten_M1_WW_Mittwoch_02;0x2090
NRF_Schaltzeiten_M1_WW_Mittwoch_07;Schaltzeiten_M1_WW_Mittwoch_07;0x2090
NRF_Schaltzeiten_M1_WW_Mittwoch_05;Schaltzeiten_M1_WW_Mittwoch_05;0x2090
NRF_Schaltzeiten_M1_WW_Mittwoch_04;Schaltzeiten_M1_WW_Mittwoch_04;0x2090
NRF_Schaltzeiten_M1_WW_Mittwoch_03;Schaltzeiten_M1_WW_Mittwoch_03;0x2090
NRF_Schaltzeiten_M1_WW_Donnerstag_03;Schaltzeiten_M1_WW_Donnerstag_03;0x2098
NRF_Schaltzeiten_M1_WW_Donnerstag_06;Schaltzeiten_M1_WW_Donnerstag_06;0x2098
NRF_Schaltzeiten_M1_WW_Donnerstag_02;Schaltzeiten_M1_WW_Donnerstag_02;0x2098
NRF_Schaltzeiten_M1_WW_Donnerstag_05;Schaltzeiten_M1_WW_Donnerstag_05;0x2098
NRF_Schaltzeiten_M1_WW_Donnerstag_04;Schaltzeiten_M1_WW_Donnerstag_04;0x2098
NRF_Schaltzeiten_M1_WW_Donnerstag_07;Schaltzeiten_M1_WW_Donnerstag_07;0x2098
NRF_Schaltzeiten_M1_WW_Donnerstag_01;Schaltzeiten_M1_WW_Donnerstag_01;0x2098
NRF_Schaltzeiten_M1_WW_Donnerstag_00;Schaltzeiten_M1_WW_Donnerstag_00;0x2098
NRF_Schaltzeiten_M1_WW_Freitag_06;Schaltzeiten_M1_WW_Freitag_06;0x20A0
NRF_Schaltzeiten_M1_WW_Freitag_03;Schaltzeiten_M1_WW_Freitag_03;0x20A0
NRF_Schaltzeiten_M1_WW_Freitag_01;Schaltzeiten_M1_WW_Freitag_01;0x20A0
NRF_Schaltzeiten_M1_WW_Freitag_07;Schaltzeiten_M1_WW_Freitag_07;0x20A0
NRF_Schaltzeiten_M1_WW_Freitag_05;Schaltzeiten_M1_WW_Freitag_05;0x20A0
NRF_Schaltzeiten_M1_WW_Freitag_04;Schaltzeiten_M1_WW_Freitag_04;0x20A0
NRF_Schaltzeiten_M1_WW_Freitag_02;Schaltzeiten_M1_WW_Freitag_02;0x20A0
NRF_Schaltzeiten_M1_WW_Freitag_00;Schaltzeiten_M1_WW_Freitag_00;0x20A0
NRF_Schaltzeiten_M1_WW_Samstag_03;Schaltzeiten_M1_WW_Samstag_03;0x20A8
NRF_Schaltzeiten_M1_WW_Samstag_02;Schaltzeiten_M1_WW_Samstag_02;0x20A8
NRF_Schaltzeiten_M1_WW_Samstag_07;Schaltzeiten_M1_WW_Samstag_07;0x20A8
NRF_Schaltzeiten_M1_WW_Samstag_00;Schaltzeiten_M1_WW_Samstag_00;0x20A8
NRF_Schaltzeiten_M1_WW_Samstag_06;Schaltzeiten_M1_WW_Samstag_06;0x20A8
NRF_Schaltzeiten_M1_WW_Samstag_04;Schaltzeiten_M1_WW_Samstag_04;0x20A8
NRF_Schaltzeiten_M1_WW_Samstag_01;Schaltzeiten_M1_WW_Samstag_01;0x20A8
NRF_Schaltzeiten_M1_WW_Samstag_05;Schaltzeiten_M1_WW_Samstag_05;0x20A8
NRF_Schaltzeiten_M1_WW_Sonntag_00;Schaltzeiten_M1_WW_Sonntag_00;0x20B0
NRF_Schaltzeiten_M1_WW_Sonntag_07;Schaltzeiten_M1_WW_Sonntag_07;0x20B0
NRF_Schaltzeiten_M1_WW_Sonntag_02;Schaltzeiten_M1_WW_Sonntag_02;0x20B0
NRF_Schaltzeiten_M1_WW_Sonntag_06;Schaltzeiten_M1_WW_Sonntag_06;0x20B0
NRF_Schaltzeiten_M1_WW_Sonntag_04;Schaltzeiten_M1_WW_Sonntag_04;0x20B0
NRF_Schaltzeiten_M1_WW_Sonntag_01;Schaltzeiten_M1_WW_Sonntag_01;0x20B0
NRF_Schaltzeiten_M1_WW_Sonntag_05;Schaltzeiten_M1_WW_Sonntag_05;0x20B0
NRF_Schaltzeiten_M1_WW_Sonntag_03;Schaltzeiten_M1_WW_Sonntag_03;0x20B0
NRF_Schaltzeiten_M1_ZP_Montag_01;Schaltzeiten_M1_ZP_Montag_01;0x2100
Schaltzeiten_A1M1_WW_Montag_04;Schaltzeiten_A1M1_WW_Montag_04;0x2100
Schaltzeiten_A1M1_WW_Montag_06;Schaltzeiten_A1M1_WW_Montag_06;0x2100
Schaltzeiten_A1M1_WW_Montag_05;Schaltzeiten_A1M1_WW_Montag_05;0x2100
NRF_Schaltzeiten_M1_ZP_Montag_00;Schaltzeiten_M1_ZP_Montag_00;0x2100
NRF_Schaltzeiten_M1_ZP_Montag_05;Schaltzeiten_M1_ZP_Montag_05;0x2100
Schaltzeiten_A1M1_WW_Montag_00;Schaltzeiten_A1M1_WW_Montag_00;0x2100
NRF_Schaltzeiten_M1_ZP_Montag_07;Schaltzeiten_M1_ZP_Montag_07;0x2100
Schaltzeiten_A1M1_WW_Montag_01;Schaltzeiten_A1M1_WW_Montag_01;0x2100
Schaltzeiten_A1M1_WW_Montag_07;Schaltzeiten_A1M1_WW_Montag_07;0x2100
Schaltzeiten_A1M1_WW_Montag_03;Schaltzeiten_A1M1_WW_Montag_03;0x2100
NRF_Schaltzeiten_M1_ZP_Montag_04;Schaltzeiten_M1_ZP_Montag_04;0x2100
Schaltzeiten_A1M1_WW_Montag_02;Schaltzeiten_A1M1_WW_Montag_02;0x2100
NRF_Schaltzeiten_M1_ZP_Montag_06;Schaltzeiten_M1_ZP_Montag_06;0x2100
NRF_Schaltzeiten_M1_ZP_Montag_03;Schaltzeiten_M1_ZP_Montag_03;0x2100
NRF_Schaltzeiten_M1_ZP_Montag_02;Schaltzeiten_M1_ZP_Montag_02;0x2100
NRF_Schaltzeiten_M1_ZP_Dienstag_05;Schaltzeiten_M1_ZP_Dienstag_05;0x2108
Schaltzeiten_A1M1_WW_Dienstag_01;Schaltzeiten_A1M1_WW_Dienstag_01;0x2108
NRF_Schaltzeiten_M1_ZP_Dienstag_02;Schaltzeiten_M1_ZP_Dienstag_02;0x2108
NRF_Schaltzeiten_M1_ZP_Dienstag_07;Schaltzeiten_M1_ZP_Dienstag_07;0x2108
NRF_Schaltzeiten_M1_ZP_Dienstag_04;Schaltzeiten_M1_ZP_Dienstag_04;0x2108
NRF_Schaltzeiten_M1_ZP_Dienstag_00;Schaltzeiten_M1_ZP_Dienstag_00;0x2108
Schaltzeiten_A1M1_WW_Dienstag_00;Schaltzeiten_A1M1_WW_Dienstag_00;0x2108
NRF_Schaltzeiten_M1_ZP_Dienstag_01;Schaltzeiten_M1_ZP_Dienstag_01;0x2108
NRF_Schaltzeiten_M1_ZP_Dienstag_06;Schaltzeiten_M1_ZP_Dienstag_06;0x2108
Schaltzeiten_A1M1_WW_Dienstag_02;Schaltzeiten_A1M1_WW_Dienstag_02;0x2108
Schaltzeiten_A1M1_WW_Dienstag_05;Schaltzeiten_A1M1_WW_Dienstag_05;0x2108
Schaltzeiten_A1M1_WW_Dienstag_07;Schaltzeiten_A1M1_WW_Dienstag_07;0x2108
Schaltzeiten_A1M1_WW_Dienstag_04;Schaltzeiten_A1M1_WW_Dienstag_04;0x2108
NRF_Schaltzeiten_M1_ZP_Dienstag_03;Schaltzeiten_M1_ZP_Dienstag_03;0x2108
Schaltzeiten_A1M1_WW_Dienstag_03;Schaltzeiten_A1M1_WW_Dienstag_03;0x2108
Schaltzeiten_A1M1_WW_Dienstag_06;Schaltzeiten_A1M1_WW_Dienstag_06;0x2108
NRF_Schaltzeiten_M1_ZP_Mittwoch_07;Schaltzeiten_M1_ZP_Mittwoch_07;0x2110
NRF_Sc?haltzeiten_M1_ZP_Mittwoch_03;Schaltzeiten_M1_ZP_Mittwoch_03;0x2110
NRF_Schaltzeiten_M1_ZP_Mittwoch_00;Schaltzeiten_M1_ZP_Mittwoch_00;0x2110
NRF_Schaltzeiten_M1_ZP_Mittwoch_01;Schaltzeiten_M1_ZP_Mittwoch_01;0x2110
Schaltzeiten_A1M1_WW_Mittwoch_01;Schaltzeiten_A1M1_WW_Mittwoch_01;0x2110
Schaltzeiten_A1M1_WW_Mittwoch_00;Schaltzeiten_A1M1_WW_Mittwoch_00;0x2110
NRF_Schaltzeiten_M1_ZP_Mittwoch_04;Schaltzeiten_M1_ZP_Mittwoch_04;0x2110
NRF_Schaltzeiten_M1_ZP_Mittwoch_02;Schaltzeiten_M1_ZP_Mittwoch_02;0x2110
Schaltzeiten_A1M1_WW_Mittwoch_04;Schaltzeiten_A1M1_WW_Mittwoch_04;0x2110
NRF_Schaltzeiten_M1_ZP_Mittwoch_06;Schaltzeiten_M1_ZP_Mittwoch_06;0x2110
NRF_Schaltzeiten_M1_ZP_Mittwoch_05;Schaltzeiten_M1_ZP_Mittwoch_05;0x2110
Schaltzeiten_A1M1_WW_Mittwoch_02;Schaltzeiten_A1M1_WW_Mittwoch_02;0x2110
Schaltzeiten_A1M1_WW_Mittwoch_03;Schaltzeiten_A1M1_WW_Mittwoch_03;0x2110
Schaltzeiten_A1M1_WW_Mittwoch_05;Schaltzeiten_A1M1_WW_Mittwoch_05;0x2110
Schaltzeiten_A1M1_WW_Mittwoch_07;Schaltzeiten_A1M1_WW_Mittwoch_07;0x2110
Schaltzeiten_A1M1_WW_Mittwoch_06;Schaltzeiten_A1M1_WW_Mittwoch_06;0x2110
NRF_Schaltzeiten_M1_ZP_Donnerstag_01;Schaltzeiten_M1_ZP_Donnerstag_01;0x2118
Schaltzeiten_A1M1_WW_Donnerstag_01;Schaltzeiten_A1M1_WW_Donnerstag_01;0x2118
NRF_Schaltzeiten_M1_ZP_Donnerstag_05;Schaltzeiten_M1_ZP_Donnerstag_05;0x2118
Schaltzeiten_A1M1_WW_Donnerstag_04;Schaltzeiten_A1M1_WW_Donnerstag_04;0x2118
NRF_Schaltzeiten_M1_ZP_Donnerstag_06;Schaltzeiten_M1_ZP_Donnerstag_06;0x2118
Schaltzeiten_A1M1_WW_Donnerstag_03;Schaltzeiten_A1M1_WW_Donnerstag_03;0x2118
Schaltzeiten_A1M1_WW_Donnerstag_05;Schaltzeiten_A1M1_WW_Donnerstag_05;0x2118
Schaltzeiten_A1M1_WW_Donnerstag_07;Schaltzeiten_A1M1_WW_Donnerstag_07;0x2118
Schaltzeiten_A1M1_WW_Donnerstag_06;Schaltzeiten_A1M1_WW_Donnerstag_06;0x2118
Schaltzeiten_A1M1_WW_Donnerstag_02;Schaltzeiten_A1M1_WW_Donnerstag_02;0x2118
NRF_Schaltzeiten_M1_ZP_Donnerstag_04;Schaltzeiten_M1_ZP_Donnerstag_04;0x2118
NRF_Schaltzeiten_M1_ZP_Donnerstag_03;Schaltzeiten_M1_ZP_Donnerstag_03;0x2118
NRF_Schaltzeiten_M1_ZP_Donnerstag_00;Schaltzeiten_M1_ZP_Donnerstag_00;0x2118
NRF_Schaltzeiten_M1_ZP_Donnerstag_02;Schaltzeiten_M1_ZP_Donnerstag_02;0x2118
NRF_Schaltzeiten_M1_ZP_Donnerstag_07;Schaltzeiten_M1_ZP_Donnerstag_07;0x2118
Schaltzeiten_A1M1_WW_Donnerstag_00;Schaltzeiten_A1M1_WW_Donnerstag_00;0x2118
NRF_Schaltzeiten_M1_ZP_Freitag_02;Schaltzeiten_M1_ZP_Freitag_02;0x2120
NRF_Schaltzeiten_M1_ZP_Freitag_05;Schaltzeiten_M1_ZP_Freitag_05;0x2120
NRF_Schaltzeiten_M1_ZP_Freitag_07;Schaltzeiten_M1_ZP_Freitag_07;0x2120
NRF_Schaltzeiten_M1_ZP_Freitag_06;Schaltzeiten_M1_ZP_Freitag_06;0x2120
Schaltzeiten_A1M1_WW_Freitag_03;Schaltzeiten_A1M1_WW_Freitag_03;0x2120
Schaltzeiten_A1M1_WW_Freitag_02;Schaltzeiten_A1M1_WW_Freitag_02;0x2120
NRF_Schaltzeiten_M1_ZP_Freitag_01;Schaltzeiten_M1_ZP_Freitag_01;0x2120
NRF_Schaltzeiten_M1_ZP_Freitag_00;Schaltzeiten_M1_ZP_Freitag_00;0x2120
Schaltzeiten_A1M1_WW_Freitag_06;Schaltzeiten_A1M1_WW_Freitag_06;0x2120
Schaltzeiten_A1M1_WW_Freitag_01;Schaltzeiten_A1M1_WW_Freitag_01;0x2120
Schaltzeiten_A1M1_WW_Freitag_04;Schaltzeiten_A1M1_WW_Freitag_04;0x2120
NRF_Schaltzeiten_M1_ZP_Freitag_03;Schaltzeiten_M1_ZP_Freitag_03;0x2120
Schaltzeiten_A1M1_WW_Freitag_00;Schaltzeiten_A1M1_WW_Freitag_00;0x2120
Schaltzeiten_A1M1_WW_Freitag_05;Schaltzeiten_A1M1_WW_Freitag_05;0x2120
NRF_Schaltzeiten_M1_ZP_Freitag_04;Schaltzeiten_M1_ZP_Freitag_04;0x2120
Schaltzeiten_A1M1_WW_Freitag_07;Schaltzeiten_A1M1_WW_Freitag_07;0x2120
NRF_Schaltzeiten_M1_ZP_Samstag_00;Schaltzeiten_M1_ZP_Samstag_00;0x2128
NRF_Schaltzeiten_M1_ZP_Samstag_03;Schaltzeiten_M1_ZP_Samstag_03;0x2128
Schaltzeiten_A1M1_WW_Samstag_07;Schaltzeiten_A1M1_WW_Samstag_07;0x2128
NRF_Schaltzeiten_M1_ZP_Samstag_07;Schaltzeiten_M1_ZP_Samstag_07;0x2128
Schaltzeiten_A1M1_WW_Samstag_01;Schaltzeiten_A1M1_WW_Samstag_01;0x2128
Schaltzeiten_A1M1_WW_Samstag_04;Schaltzeiten_A1M1_WW_Samstag_04;0x2128
Schaltzeiten_A1M1_WW_Samstag_06;Schaltzeiten_A1M1_WW_Samstag_06;0x2128
NRF_Schaltzeiten_M1_ZP_Samstag_05;Schaltzeiten_M1_ZP_Samstag_05;0x2128
Schaltzeiten_A1M1_WW_Samstag_03;Schaltzeiten_A1M1_WW_Samstag_03;0x2128
NRF_Schaltzeiten_M1_ZP_Samstag_04;Schaltzeiten_M1_ZP_Samstag_04;0x2128
Schaltzeiten_A1M1_WW_Samstag_00;Schaltzeiten_A1M1_WW_Samstag_00;0x2128
NRF_Schaltzeiten_M1_ZP_Samstag_06;Schaltzeiten_M1_ZP_Samstag_06;0x2128
NRF_Schaltzeiten_M1_ZP_Samstag_02;Schaltzeiten_M1_ZP_Samstag_02;0x2128
Schaltzeiten_A1M1_WW_Samstag_05;Schaltzeiten_A1M1_WW_Samstag_05;0x2128
NRF_Schaltzeiten_M1_ZP_Samstag_01;Schaltzeiten_M1_ZP_Samstag_01;0x2128
Schaltzeiten_A1M1_WW_Samstag_02;Schaltzeiten_A1M1_WW_Samstag_02;0x2128
NRF_Schaltzeiten_M1_ZP_Sonntag_00;Schaltzeiten_M1_ZP_Sonntag_00;0x2130
Schaltzeiten_A1M1_WW_Sonntag_01;Schaltzeiten_A1M1_WW_Sonntag_01;0x2130
NRF_Schaltzeiten_M1_ZP_Sonntag_01;Schaltzeiten_M1_ZP_Sonntag_01;0x2130
NRF_Schaltzeiten_M1_ZP_Sonntag_07;Schaltzeiten_1M1_ZP_Sonntag_07;0x2130
Schaltzeiten_A1M1_WW_Sonntag_02;Schaltzeiten_A1M1_WW_Sonntag_02;0x2130
Schaltzeiten_A1M1_WW_Sonntag_03;Schaltzeiten_A1M1_WW_Sonntag_03;0x2130
NRF_Schaltzeiten_M1_ZP_Sonntag_03;Schaltzeiten_M1_ZP_Sonntag_03;0x2130
Schaltzeiten_A1M1_WW_Sonntag_04;Schaltzeiten_A1M1_WW_Sonntag_04;0x2130
Schaltzeiten_A1M1_WW_Sonntag_00;Schaltzeiten_A1M1_WW_Sonntag_00;0x2130
Schaltzeiten_A1M1_WW_Sonntag_05;Schaltzeiten_A1M1_WW_Sonntag_05;0x2130
Schaltzeiten_A1M1_WW_Sonntag_07;Schaltzeiten_A1M1_WW_Sonntag_07;0x2130
NRF_Schaltzeiten_M1_ZP_Sonntag_04;Schaltzeiten_M1_ZP_Sonntag_04;0x2130
NRF_Schaltzeiten_M1_ZP_Sonntag_06;Schaltzeiten_M1_ZP_Sonntag_06;0x2130
NRF_Schaltzeiten_M1_ZP_Sonntag_02;Schaltzeiten_M1_ZP_Sonntag_02;0x2130
Schaltzeiten_A1M1_WW_Sonntag_06;Schaltzeiten_A1M1_WW_Sonntag_06;0x2130
NRF_Schaltzeiten_M1_ZP_Sonntag_05;Schaltzeiten_M1_ZP_Sonntag_05;0x2130
NRF_Schaltzeiten_FT_Montag_03;Schaltzeiten_FT_Montag_03;0x2180
NRF_Schaltzeiten_FT_Montag_07;Schaltzeiten_FT_Montag_07;0x2180
NRF_Schaltzeiten_FT_Montag_01;Schaltzeiten_FT_Montag_01;0x2180
NRF_Schaltzeiten_FT_Montag_05;Schaltzeiten_FT_Montag_05;0x2180
NRF_Schaltzeiten_FT_Montag_00;Schaltzeiten_FT_Montag_00;0x2180
NRF_Schaltzeiten_FT_Montag_06;Schaltzeiten_FT_Montag_06;0x2180
NRF_Schaltzeiten_FT_Montag_02;Schaltzeiten_FT_Montag_02;0x2180
NRF_Schaltzeiten_FT_Montag_04;Schaltzeiten_FT_Montag_04;0x2180
NRF_Schaltzeiten_FT_Dienstag_04;Schaltzeiten_FT_Dienstag_04;0x2188
NRF_Schaltzeiten_FT_Dienstag_02;Schaltzeiten_FT_Dienstag_02;0x2188
NRF_Schaltzeiten_FT_Dienstag_00;Schaltzeiten_FT_Dienstag_00;0x2188
NRF_Schaltzeiten_FT_Dienstag_07;Schaltzeiten_FT_Dienstag_07;0x2188
NRF_Schaltzeiten_FT_Dienstag_05;Schaltzeiten_FT_Dienstag_05;0x2188
NRF_Schaltzeiten_FT_Dienstag_03;Schaltzeiten_FT_Dienstag_03;0x2188
NRF_Schaltzeiten_FT_Dienstag_06;Schaltzeiten_FT_Dienstag_06;0x2188
NRF_Schaltzeiten_FT_Dienstag_01;Schaltzeiten_FT_Dienstag_01;0x2188
NRF_Schaltzeiten_FT_Mittwoch_06;Schaltzeiten_FT_Mittwoch_06;0x2190
NRF_Schaltzeiten_FT_Mittwoch_07;Schaltzeiten_FT_Mittwoch_07;0x2190
NRF_Schaltzeiten_FT_Mittwoch_04;Schaltzeiten_FT_Mittwoch_04;0x2190
NRF_Schaltzeiten_FT_Mittwoch_03;Schaltzeiten_FT_Mittwoch_03;0x2190
NRF_Schaltzeiten_FT_Mittwoch_02;Schaltzeiten_FT_Mittwoch_02;0x2190
NRF_Schaltzeiten_FT_Mittwoch_05;Schaltzeiten_FT_Mittwoch_05;0x2190
NRF_Schaltzeiten_FT_Mittwoch_01;Schaltzeiten_FT_Mittwoch_01;0x2190
NRF_Schaltzeiten_FT_Mittwoch_00;Schaltzeiten_FT_Mittwoch_00;0x2190
NRF_Schaltzeiten_FT_Donnerstag_06;Schaltzeiten_FT_Donnerstag_06;0x2198
NRF_Schaltzeiten_FT_Donnerstag_07;Schaltzeiten_FT_Donnerstag_07;0x2198
NRF_Schaltzeiten_FT_Donnerstag_04;Schaltzeiten_FT_Donnerstag_04;0x2198
NRF_Schaltzeiten_FT_Donnerstag_01;Schaltzeiten_FT_Donnerstag_01;0x2198
NRF_Schaltzeiten_FT_Donnerstag_05;Schaltzeiten_FT_Donnerstag_05;0x2198
NRF_Schaltzeiten_FT_Donnerstag_03;Schaltzeiten_FT_Donnerstag_03;0x2198
NRF_Schaltzeiten_FT_Donnerstag_00;Schaltzeiten_FT_Donnerstag_00;0x2198
NRF_Schaltzeiten_FT_Donnerstag_02;Schaltzeiten_FT_Donnerstag_02;0x2198
NRF_Schaltzeiten_FT_Freitag_04;Schaltzeiten_FT_Freitag_04;0x21A0
NRF_Schaltzeiten_FT_Freitag_03;Schaltzeiten_FT_Freitag_03;0x21A0
NRF_Schaltzeiten_FT_Freitag_07;Schaltzeiten_FT_Freitag_07;0x21A0
NRF_Schaltzeiten_FT_Freitag_05;Schaltzeiten_FT_Freitag_05;0x21A0
NRF_Schaltzeiten_FT_Freitag_06;Schaltzeiten_FT_Freitag_06;0x21A0
NRF_Schaltzeiten_FT_Freitag_02;Schaltzeiten_FT_Freitag_02;0x21A0
NRF_Schaltzeiten_FT_Freitag_01;Schaltzeiten_FT_Freitag_01;0x21A0
NRF_Schaltzeiten_FT_Freitag_00;Schaltzeiten_FT_Freitag_00;0x21A0
NRF_Schaltzeiten_FT_Samstag_07;Schaltzeiten_FT_Samstag_07;0x21A8
NRF_Schaltzeiten_FT_Samstag_03;Schaltzeiten_FT_Samstag_03;0x21A8
NRF_Schaltzeiten_FT_Samstag_05;Schaltzeiten_FT_Samstag_05;0x21A8
NRF_Schaltzeiten_FT_Samstag_06;Schaltzeiten_FT_Samstag_06;0x21A8
NRF_Schaltzeiten_FT_Samstag_04;Schaltzeiten_FT_Samstag_04;0x21A8
NRF_Schaltzeiten_FT_Samstag_00;Schaltzeiten_FT_Samstag_00;0x21A8
NRF_Schaltzeiten_FT_Samstag_02;Schaltzeiten_FT_Samstag_02;0x21A8
NRF_Schaltzeiten_FT_Samstag_01;Schaltzeiten_FT_Samstag_01;0x21A8
NRF_Schaltzeiten_FT_Sonntag_02;Schaltzeiten_Ft_Sonntag_02;0x21B0
NRF_Schaltzeiten_FT_Sonntag_00;Schaltzeiten_FT_Sonntag_00;0x21B0
NRF_Schaltzeiten_FT_Sonntag_06;Schaltzeiten_FT_Sonntag_06;0x21B0
NRF_Schaltzeiten_FT_Sonntag_05;Schaltzeiten_FT_Sonntag_05;0x21B0
NRF_Schaltzeiten_FT_Sonntag_03;Schaltzeiten_Ft_Sonntag_03;0x21B0
NRF_Schaltzeiten_FT_Sonntag_07;Schaltzeiten_FT_Sonntag_07;0x21B0
NRF_Schaltzeiten_FT_Sonntag_01;Schaltzeiten_FT_Sonntag_01;0x21B0
NRF_Schaltzeiten_FT_Sonntag_04;Schaltzeiten_FT_Sonntag_04;0x21B0
Schaltzeiten_A1M1_ZP_Montag_01;Schaltzeiten_A1M1_ZP_Montag_01;0x2200
Schaltzeiten_A1M1_ZP_Montag_04;Schaltzeiten_A1M1_ZP_Montag_04;0x2200
Schaltzeiten_A1M1_ZP_Montag_00;Schaltzeiten_A1M1_ZP_Montag_00;0x2200
Schaltzeiten_A1M1_ZP_Montag_06;Schaltzeiten_A1M1_ZP_Montag_06;0x2200
Schaltzeiten_A1M1_ZP_Montag_03;Schaltzeiten_A1M1_ZP_Montag_03;0x2200
Schaltzeiten_A1M1_ZP_Montag_05;Schaltzeiten_A1M1_ZP_Montag_05;0x2200
Schaltzeiten_A1M1_ZP_Montag_07;Schaltzeiten_A1M1_ZP_Montag_07;0x2200
Schaltzeiten_A1M1_ZP_Montag_02;Schaltzeiten_A1M1_ZP_Montag_02;0x2200
Schaltzeiten_A1M1_ZP_Dienstag_02;Schaltzeiten_A1M1_ZP_Dienstag_02;0x2208
Schaltzeiten_A1M1_ZP_Dienstag_06;Schaltzeiten_A1M1_ZP_Dienstag_06;0x2208
Schaltzeiten_A1M1_ZP_Dienstag_05;Schaltzeiten_A1M1_ZP_Dienstag_05;0x2208
Schaltzeiten_A1M1_ZP_Dienstag_03;Schaltzeiten_A1M1_ZP_Dienstag_03;0x2208
Schaltzeiten_A1M1_ZP_Dienstag_04;Schaltzeiten_A1M1_ZP_Dienstag_04;0x2208
Schaltzeiten_A1M1_ZP_Dienstag_00;Schaltzeiten_A1M1_ZP_Dienstag_00;0x2208
Schaltzeiten_A1M1_ZP_Dienstag_01;Schaltzeiten_A1M1_ZP_Dienstag_01;0x2208
Schaltzeiten_A1M1_ZP_Dienstag_07;Schaltzeiten_A1M1_ZP_Dienstag_07;0x2208
Schaltzeiten_A1M1_ZP_Mittwoch_00;Schaltzeiten_A1M1_ZP_Mittwoch_00;0x2210
Schaltzeiten_A1M1_ZP_Mittwoch_02;Schaltzeiten_A1M1_ZP_Mittwoch_02;0x2210
Schaltzeiten_A1M1_ZP_Mittwoch_07;Schaltzeiten_A1M1_ZP_Mittwoch_07;0x2210
Schaltzeiten_A1M1_ZP_Mittwoch_01;Schaltzeiten_A1M1_ZP_Mittwoch_01;0x2210
Schaltzeiten_A1M1_ZP_Mittwoch_03;Schaltzeiten_A1M1_ZP_Mittwoch_03;0x2210
Schaltzeiten_A1M1_ZP_Mittwoch_05;Schaltzeiten_A1M1_ZP_Mittwoch_05;0x2210
Schaltzeiten_A1M1_ZP_Mittwoch_06;Schaltzeiten_A1M1_ZP_Mittwoch_06;0x2210
Schaltzeiten_A1M1_ZP_Mittwoch_04;Schaltzeiten_A1M1_ZP_Mittwoch_04;0x2210
Schaltzeiten_A1M1_ZP_Donnerstag_00;Schaltzeiten_A1M1_ZP_Donnerstag_00;0x2218
Schaltzeiten_A1M1_ZP_Donnerstag_04;Schaltzeiten_A1M1_ZP_Donnerstag_04;0x2218
Schaltzeiten_A1M1_ZP_Donnerstag_07;Schaltzeiten_A1M1_ZP_Donnerstag_07;0x2218
Schaltzeiten_A1M1_ZP_Donnerstag_06;Schaltzeiten_A1M1_ZP_Donnerstag_06;0x2218
Schaltzeiten_A1M1_ZP_Donnerstag_01;Schaltzeiten_A1M1_ZP_Donnerstag_01;0x2218
Schaltzeiten_A1M1_ZP_Donnerstag_03;Schaltzeiten_A1M1_ZP_Donnerstag_03;0x2218
Schaltzeiten_A1M1_ZP_Donnerstag_05;Schaltzeiten_A1M1_ZP_Donnerstag_05;0x2218
Schaltzeiten_A1M1_ZP_Donnerstag_02;Schaltzeiten_A1M1_ZP_Donnerstag_02;0x2218
Schaltzeiten_A1M1_ZP_Freitag_02;Schaltzeiten_A1M1_ZP_Freitag_02;0x2220
Schaltzeiten_A1M1_ZP_Freitag_05;Schaltzeiten_A1M1_ZP_Freitag_05;0x2220
Schaltzeiten_A1M1_ZP_Freitag_00;Schaltzeiten_A1M1_ZP_Freitag_00;0x2220
Schaltzeiten_A1M1_ZP_Freitag_03;Schaltzeiten_A1M1_ZP_Freitag_03;0x2220
Schaltzeiten_A1M1_ZP_Freitag_04;Schaltzeiten_A1M1_ZP_Freitag_04;0x2220
Schaltzeiten_A1M1_ZP_Freitag_01;Schaltzeiten_A1M1_ZP_Freitag_01;0x2220
Schaltzeiten_A1M1_ZP_Freitag_07;Schaltzeiten_A1M1_ZP_Freitag_07;0x2220
Schaltzeiten_A1M1_ZP_Freitag_06;Schaltzeiten_A1M1_ZP_Freitag_06;0x2220
Schaltzeiten_A1M1_ZP_Samstag_05;Schaltzeiten_A1M1_ZP_Samstag_05;0x2228
Schaltzeiten_A1M1_ZP_Samstag_02;Schaltzeiten_A1M1_ZP_Samstag_02;0x2228
Schaltzeiten_A1M1_ZP_Samstag_03;Schaltzeiten_A1M1_ZP_Samstag_03;0x2228
Schaltzeiten_A1M1_ZP_Samstag_01;Schaltzeiten_A1M1_ZP_Samstag_01;0x2228
Schaltzeiten_A1M1_ZP_Samstag_07;Schaltzeiten_A1M1_ZP_Samstag_07;0x2228
Schaltzeiten_A1M1_ZP_Samstag_00;Schaltzeiten_A1M1_ZP_Samstag_00;0x2228
Schaltzeiten_A1M1_ZP_Samstag_06;Schaltzeiten_A1M1_ZP_Samstag_06;0x2228
Schaltzeiten_A1M1_ZP_Samstag_04;Schaltzeiten_A1M1_ZP_Samstag_04;0x2228
Schaltzeiten_A1M1_ZP_Sonntag_06;Schaltzeiten_A1M1_ZP_Sonntag_06;0x2230
Schaltzeiten_A1M1_ZP_Sonntag_04;Schaltzeiten_A1M1_ZP_Sonntag_04;0x2230
Schaltzeiten_A1M1_ZP_Sonntag_00;Schaltzeiten_A1M1_ZP_Sonntag_00;0x2230
Schaltzeiten_A1M1_ZP_Sonntag_05;Schaltzeiten_A1M1_ZP_Sonntag_05;0x2230
Schaltzeiten_A1M1_ZP_Sonntag_07;Schaltzeiten_A1M1_ZP_Sonntag_07;0x2230
Schaltzeiten_A1M1_ZP_Sonntag_02;Schaltzeiten_A1M1_ZP_Sonntag_02;0x2230
Schaltzeiten_A1M1_ZP_Sonntag_03;Schaltzeiten_A1M1_ZP_Sonntag_03;0x2230
Schaltzeiten_A1M1_ZP_Sonntag_01;Schaltzeiten_A1M1_ZP_Sonntag_01;0x2230
BedienSparbetriebA1M1;Sparbetrieb;0x2302
BedienPartybetriebA1M1;Partybetrieb;0x2303
BedienRTSolltemperaturA1M1;Raumsolltemperatur Normalbetrieb;0x2306
BedienRTSolltemperaturReduziertA1M1;Raumsolltemperatur Reduzierter Betrieb;0x2307
FerienBeginnA1M1;?Ferien Abreisetag;0x2309
FerienEndeA1M1;Ferien Rueckreisetag;0x2311
ExternRTSolltemperaturA1M1;Externe Raumsolltemperatur Normal;0x2321
BedienteilBA_GWGA1;Betriebsart;0x2323
HK_VT_Solltemperatur_A1M1;Vorlaufsolltemperatur;0x2500
HK_AktuelleBetriebsartA1M1;Aktuelle Betriebsart;0x2500
NRF_HK_VT_Solltemperatur_A1M1;Vorlaufsolltemperatur;0x2500
NRF_HK_Frostgefahr_aktivA1M1;Frostgefahr des Heizkreises;0x2500
HK_Frostgefahr_aktivA1M1;Frostgefahr des Heizkreises;0x2500
NRF_HK_RaumsolltemperaturaktuellA1M1;Raumsolltemperatur;0x2500
HK_RaumsolltemperaturaktuellA1M1;Raumsolltemperatur;0x2500
HK_ReglervarianteA1M1;Reglervariante;0x2521
HK_FerienbetriebA1M1;Ferienprogramm;0x2535
VT_SolltemperaturA1M1;Vorlaufsolltemperatur;0x2544
ExtBetriebsartenumschaltung_A1M1;Externe Betriebsartenumschaltung;0x2549
KA0_KonfiKennungFernbedienungA1M1;(A0) Kennung Fernbedienung;0x27A0
KA0_KennungFernbedienungA1M1;Fernbedienung Heizkreis A1;0x27A0
KA2_KonfiSpeichervorrangA1M1;(A2) Speichervorrang;0x27A2
KA3_KonfiFrostgrenzeA1M1;(A3) Frostgrenze;0x27A3
KA3_KonfiFrostgrenzeA1M1_GWG_4;(A3) Frostgrenze;0x27A3
KA3_KonfiFrostgrenzeA1M1_GWG;(A3) Frostgrenze;0x27A3
KA4_KonfiKeineFrostschutzfunktionA1M1;(A4) Frostschutzfunktion;0x27A4
KA5_KonfSommersparSchaltschwelleA1M1;(A5) Sommersparschaltung Schaltschwelle;0x27A5
KA6_KonfiAbsolutSommersparA1M1;(A6) Absolute Sommersparschaltung;0x27A6
KA9_KonfiHKpumpeBeiReduziertA1M1_NR1;(A9) Pumpenstillstand bei Uebergang in reduzierten Betrieb;0x27A9
KA9_KonfiHKpumpeBeiReduziertA1M1;(A9) Pumpenstillstand bei Uebergang in reduzierten Betrieb;0x27A9
KB0_KonfiRaumaufschaltungA1M1;(B0) Raumaufschaltung;0x27B0
KB2_KonfiRaumeinflussA1M1;(B2) Raumeinflussfaktor;0x27B2
NRF_KB5_KonfiRaumSommersparA1M1;(B5) Sommersparschaltung RS;0x27B5
KB5_KonfiRaumSommerspar_GWGA1M1;(B5) Sommersparschaltung RS;0x27B5
NRF_KBB_PufferladevorgangA1M1;(BB) Pufferladevorgang;0x27BB
KC5_KonfiMinimalbegrenzungA1M1;(C5) Vorlauf - Minimalbegrenzung;0x27C5
KC6_KonfiMaxbegrenzung_VT_SollwertA1M1;(C6) Vorlauf - Maximalbegrenzung;0x27C6
KC6_KonfiMaximalbegrenzung_VT_SollwertA1M1;(C6) Vorlauf - Maximalbegrenzung;0x27C6
KD3_KonfiNeigungA1;(D3) Neigung Heizkennlinie;0x27D3
KD3_KonfiNeigungA1D; Neigung Heizkennlinie;0x27D3
KD4_KonfiNiveauA1;(D4) Niveau Heizkennlinie ;0x27D4
KD4_KonfiNiveauA1D;Niveau Heizkennlinie ;0x27D4
KD5_WirkungExtBA_UmschaltungA1M1;(D5) Richtung externe Aufschaltung;0x27D5
KD5_KonfiWirkungExtBA_UmschaltungA1M1;(D5) Wirkung Betriebsartenumschaltung;0x27D5
KE1_KonfiOffsetRT_SolltemperaturA1M1;(E1) Bereich Tagsolltemperatur Fernbedienung;0x27E1
KE2_KonfiRT_KorrekturFernbedienungA1M1;(E2) Raumistwertkorrektur Fernbedienung;0x27E2
KE5_KonfiKennung_D_PumpeA1_GWG;(E5) Kennung Pumpe Heizkreis A1;0x27E5
KE5_KonfiKennung_D_PumpeA1M1_KM;Heizkreispumpe A1;0x27E5
KE6_KonfiMaxDrehzahlA1M1_GWG;(E6) Maximale Drehzahl geregelte Pumpe;0x27E6
KE6_KonfiDPumpeMaxDrehzahlA1M1;(E6) Maximale Drehzahl geregelte Pumpe;0x27E6
KE7_KonfiDPumpeMinDrehzahlA1M1;(E7) Minimale Drehzahl geregelte Pumpe;0x27E7
KE7_KonfiMinDrehzahlA1M1_GWG;(E7) Minimale Drehzahl geregelte Pumpe;0x27E7
KE8_KonfiNebenbetriebA1M1_GWG;(E8) Solldrehzahl Pumpe im Nebenbetrieb;0x27E8
KE8_KonfiDPumpeDrehzahlNebenbetriebA1M1;(E8) Drehzahl Nebenbetrieb geregelte Pumpe;0x27E8
KE9_KonfiDrehzahlReduziertA1M1_GWG;(E9) Reduzierte Drehzahl geregelte Pumpe;0x27E9
KE9_KonfiDPumpeMinDrehzahlReduziertA1M1;(E9) Reduzierte Drehzahl geregelte Pumpe;0x27E9
KF1_KonfiTemperaturprogrammM1;(F1) Estrichfunktion;0x27F1
KF2_KonfiPartyzeitGWGA1;(F2) Zeitbegrenzung Party/ Betriebsartenumschaltung;0x27F2
KF8_KonfiStartModTRSollredA1;(F8) Start Modifizierung Raumsolltemp. red.;0x27F8
KF9_KonfiEndeModTRSollredA1;(F9) Ende Modifizierung Raumsolltemp. red.;0x27F9
KFA_KonfiUeberhoehungVTSollA1;(FA) öberhîhung Vorlaufsolltemperatur;0x27FA
KFB_KonfiDauerUeberhoehungVTSollA1;(FB) Dauer öberhîhung Vorlaufsolltemperatur;0x27FB
Schaltzeiten_M2_HK_Montag_03;Schaltzeiten_M2_HK_Montag_03;0x3000
Schaltzeiten_M2_HK_Montag_05;Schaltzeiten_M2_HK_Montag_05;0x3000
Schaltzeiten_M2_HK_Montag_01;Schaltzeiten_M2_HK_Montag_01;0x3000
Schaltzeiten_M2_HK_Montag_04;Schaltzeiten_M2_HK_Montag_04;0x3000
Schaltzeiten_M2_HK_Montag_07;Schaltzeiten_M2_HK_Montag_07;0x3000
Schaltzeiten_M2_HK_Montag_00;Schaltzeiten_M2_HK_Montag_00;0x3000
Schaltzeiten_M2_HK_Montag_06;Schaltzeiten_M2_HK_Montag_06;0x3000
Schaltzeiten_M2_HK_Montag_02;Schaltzeiten_M2_HK_Montag_02;0x3000
Schaltzeiten_M2_HK_Dienstag_03;Schaltzeiten_M2_HK_Dienstag_03;0x3008
Schaltzeiten_M2_HK_Dienstag_05;Schaltzeiten_M2_HK_Dienstag_05;0x3008
Schaltzeiten_M2_HK_Dienstag_07;Schaltzeiten_M2_HK_Dienstag_07;0x3008
Schaltzeiten_M2_HK_Dienstag_01;Schaltzeiten_M2_HK_Dienstag_01;0x3008
Schaltzeiten_M2_HK_Dienstag_04;Schaltzeiten_M2_HK_Dienstag_04;0x3008
Schaltzeiten_M2_HK_Dienstag_06;Schaltzeiten_M2_HK_Dienstag_06;0x3008
Schaltzeiten_M2_HK_Dienstag_02;Schaltzeiten_M2_HK_Dienstag_02;0x3008
Schaltzeiten_M2_HK_Dienstag_00;Schaltzeiten_M2_HK_Dienstag_00;0x3008
Schaltzeiten_M2_HK_Mittwoch_07;Schaltzeiten_M2_HK_Mittwoch_07;0x3010
Schaltzeiten_M2_HK_Mittwoch_06;Schaltzeiten_M2_HK_Mittwoch_06;0x3010
Schaltzeiten_M2_HK_Mittwoch_00;Schaltzeiten_M2_HK_Mittwoch_00;0x3010
Schaltzeiten_M2_HK_Mittwoch_02;Schaltzeiten_M2_HK_Mittwoch_02;0x3010
Schaltzeiten_M2_HK_Mittwoch_03;Schaltzeiten_M2_HK_Mittwoch_03;0x3010
Schaltzeiten_M2_HK_Mittwoch_01;Schaltzeiten_M2_HK_Mittwoch_01;0x3010
Schaltzeiten_M2_HK_Mittwoch_04;Schaltzeiten_M2_HK_Mittwoch_04;0x3010
Schaltzeiten_M2_HK_Mittwoch_05;Schaltzeiten_M2_HK_Mittwoch_05;0x3010
Schaltzeiten_M2_HK_Donnerstag_06;Schaltzeiten_M2_HK_Donnerstag_06;0x3018
Schaltzeiten_M2_HK_Donnerstag_07;Schaltzeiten_M2_HK_Donnerstag_07;0x3018
Schaltzeiten_M2_HK_Donnerstag_05;Schaltzeiten_M2_HK_Donnerstag_05;0x3018
Schaltzeiten_M2_HK_Donnerstag_01;Schaltzeiten_M2_HK_Donnerstag_01;0x3018
Schaltzeiten_M2_HK_Donnerstag_02;Schaltzeiten_M2_HK_Donnerstag_02;0x3018
Schaltzeiten_M2_HK_Donnerstag_04;Schaltzeiten_M2_HK_Donnerstag_04;0x3018
Schaltzeiten_M2_HK_Donnerstag_00;Schaltzeiten_M2_HK_Donnerstag_00;0x3018
Schaltzeiten_M2_HK_Donnerstag_03;Schaltzeiten_M2_HK_Donnerstag_03;0x3018
Schaltzeiten_M2_HK_Freitag_04;Schaltzeiten_M2_HK_Freitag_04;0x3020
Schaltzeiten_M2_HK_Freitag_01;Schaltzeiten_M2_HK_Freitag_01;0x3020
Schaltzeiten_M2_HK_Freitag_06;Schaltzeiten_M2_HK_Freitag_06;0x3020
Schaltzeiten_M2_HK_Freitag_00;Schaltzeiten_M2_HK_Freitag_00;0x3020
Schaltzeiten_M2_HK_Freitag_02;Schaltzeiten_M2_HK_Freitag_02;0x3020
Schaltzeiten_M2_HK_Freitag_03;Schaltzeiten_M2_HK_Freitag_03;0x3020
Schaltzeiten_M2_HK_Freitag_05;Schaltzeiten_M2_HK_Freitag_05;0x3020
Schaltzeiten_M2_HK_Freitag_07;Schaltzeiten_M2_HK_Freitag_07;0x3020
Schaltzeiten_M2_HK_Samstag_07;Schaltzeiten_M2_HK_Samstag_07;0x3028
Schaltzeiten_M2_HK_Samstag_01;Schaltzeiten_M2_HK_Samstag_01;0x3028
Schaltzeiten_M2_HK_Samstag_03;Schaltzeiten_M2_HK_Samstag_03;0x3028
Schaltzeiten_M2_HK_Samstag_00;Schaltzeiten_M2_HK_Samstag_00;0x3028
Schaltzeiten_M2_HK_Samstag_02;Schaltzeiten_M2_HK_Samstag_02;0x3028
Schaltzeiten_M2_HK_Samstag_05;Schaltzeiten_M2_HK_Samstag_05;0x3028
Schaltzeiten_M2_HK_Samstag_04;Schaltzeiten_M2_HK_Samstag_04;0x3028
Schaltzeiten_M2_HK_Samstag_06;Schaltzeiten_M2_HK_Samstag_06;0x3028
Schaltzeiten_M2_HK_Sonntag_02;Schaltzeiten_M2_HK_Sonntag_02;0x3030
Schaltzeiten_M2_HK_Sonntag_00;Schaltzeiten_M2_HK_Sonntag_00;0x3030
Schaltzeiten_M2_HK_Sonntag_05;Schaltzeiten_M2_HK_Sonntag_05;0x3030
Schaltzeiten_M2_HK_Sonntag_04;Schaltzeiten_M2_HK_Sonntag_04;0x3030
Schaltzeiten_M2_HK_Sonntag_03;Schaltzeiten_M2_HK_Sonntag_03;0x3030
Schaltzeiten_M2_HK_Sonntag_07;Schaltzeiten_M2_HK_Sonntag_07;0x3030
Schaltzeiten_M2_HK_Sonntag_01;Schaltzeiten_M2_HK_Sonntag_01;0x3030
Schaltzeiten_M2_HK_Sonntag_06;Schaltzeiten_M2_HK_Sonntag_06;0x3030
NRF_Schaltzeiten_M2_WW_Montag_06;Schaltzeiten_M2_WW_Montag_06;0x3080
NRF_Schaltzeiten_M2_WW_Montag_05;Schaltzeiten_M2_WW_Montag_05;0x3080
NRF_Schaltzeiten_M2_WW_Montag_03;Schaltzeiten_M2_WW_Montag_03;0x3080
NRF_Schaltzeiten_M2_WW_Montag_01;Schaltzeiten_M2_WW_Montag_01;0x3080
NRF_Schaltzeiten_M2_WW_Montag_00;Schaltzeiten_M2_WW_Montag_00;0x3080
NRF_Schaltzeiten_M2_WW_Montag_07;Schaltzeiten_M2_WW_Montag_07;0x3080
NRF_Schaltzeiten_M2_WW_Montag_04;Schaltzeiten_M2_WW_Montag_04;0x3080
NRF_Schaltzeiten_M2_WW_Montag_02;Schaltzeiten_M2_WW_Montag_02;0x3080
NRF_Schaltzeiten_M2_WW_Dienstag_05;Schaltzeiten_M2_WW_Dienstag_05;0x3088
NRF_Schaltzeiten_M2_WW_Dienstag_02;Schaltzeiten_M2_WW_Dienstag_02;0x3088
NRF_Schaltzeiten_M2_WW_Dienstag_06;Schaltzeiten_M2_WW_Dienstag_06;0x3088
NRF_Schaltzeiten_M2_WW_Dienstag_07;Schaltzeiten_M2_WW_Dienstag_07;0x3088
NRF_Schaltzeiten_M2_WW_Dienstag_01;Schaltzeiten_M2_WW_Dienstag_01;0x3088
NRF_Schaltzeiten_M2_WW_Dienstag_04;Schaltzeiten_M2_WW_Dienstag_04;0x3088
NRF_Schaltzeiten_M2_WW_Dienstag_03;Schaltzeiten_M2_WW_Dienstag_03;0x3088
NRF_Schaltzeiten_M2_WW_Dienstag_00;Schaltzeiten_M2_WW_Dienstag_00;0x3088
NRF_Schaltzeiten_M2_WW_Mittwoch_00;Schaltzeiten_M2_WW_Mittwoch_00;0x3090
NRF_Schaltzeiten_M2_WW_Mittwoch_02;Schaltzeiten_M2_WW_Mittwoch_02;0x3090
NRF_Schaltzeiten_M2_WW_Mittwoch_06;Schaltzeiten_M2_WW_Mittwoch_06;0x3090
NRF_Schaltzeiten_M2_WW_Mittwoch_04;Schaltzeiten_M2_WW_Mittwoch_04;0x3090
NRF_Schaltzeiten_M2_WW_Mittwoch_03;Schaltzeiten_M2_WW_Mittwoch_03;0x3090
NRF_Schaltzeiten_M2_WW_Mittwoch_05;Schaltzeiten_M2_WW_Mittwoch_05;0x3090
NRF_Schaltzeiten_M2_WW_Mittwoch_07;Schaltzeiten_M2_WW_Mittwoch_07;0x3090
NRF_Schaltzeiten_M2_WW_Mittwoch_01;Schaltzeiten_M2_WW_Mittwoch_01;0x3090
NRF_Schaltzeiten_M2_WW_Donnerstag_05;Schaltzeiten_M2_WW_Donnerstag_05;0x3098
NRF_Schaltzeiten_M2_WW_Donnerstag_03;Schaltzeiten_M2_WW_Donnerstag_03;0x3098
NRF_Schaltzeiten_M2_WW_Donnerstag_04;Schaltzeiten_M2_WW_Donnerstag_04;0x3098
NRF_Schaltzeiten_M2_WW_Donnerstag_01;Schaltzeiten_M2_WW_Donnerstag_01;0x3098
NRF_Schaltzeiten_M2_WW_Donnerstag_00;Schaltzeiten_M2_WW_Donnerstag_00;0x3098
NRF_Schaltzeiten_M2_WW_Donnerstag_06;Schaltzeiten_M2_WW_Donnerstag_06;0x3098
NRF_Schaltzeiten_M2_WW_Donnerstag_02;Schaltzeiten_M2_WW_Donnerstag_02;0x3098
NRF_Schaltzeiten_M2_WW_Donnerstag_07;Schaltzeiten_M2_WW_Donnerstag_07;0x3098
NRF_Schaltzeiten_M2_WW_Freitag_00;Schaltzeiten_M2_WW_Freitag_00;0x30A0
NRF_Schaltzeiten_M2_WW_Freitag_01;Schaltzeiten_M2_WW_Freitag_01;0x30A0
NRF_Schaltzeiten_M2_WW_Freitag_02;Schaltzeiten_M2_WW_Freitag_02;0x30A0
NRF_Schaltzeiten_M2_WW_Freitag_06;Schaltzeiten_M2_WW_Freitag_06;0x30A0
NRF_Schaltzeiten_M2_WW_Freitag_04;Schaltzeiten_M2_WW_Freitag_04;0x30A0
NRF_Schaltzeiten_M2_WW_Freitag_05;Schaltzeiten_M2_WW_Freitag_05;0x30A0
NRF_Schaltzeiten_M2_WW_Freitag_03;Schaltzeiten_M2_WW_Freitag_03;0x30A0
NRF_Schaltzeiten_M2_WW_Freitag_07;Schaltzeiten_M2_WW_Freitag_07;0x30A0
NRF_Schaltzeiten_M2_WW_Samstag_02;Schaltzeiten_M2_WW_Samstag_02;0x30A8
NRF_Schaltzeiten_M2_WW_Samstag_00;Schaltzeiten_M2_WW_Samstag_00;0x30A8
NRF_Schaltzeiten_M2_WW_Samstag_03;Schaltzeiten_M2_WW_Samstag_03;0x30A8
NRF_Schaltzeiten_M2_WW_Samstag_04;Schaltzeiten_M2_WW_Samstag_04;0x30A8
NRF_Schaltzeiten_M2_WW_Samstag_07;Schaltzeiten_M2_WW_Samstag_07;0x30A8
NRF_Schaltzeiten_M2_WW_Samstag_01;Schaltzeiten_M2_WW_Samstag_01;0x30A8
NRF_Schaltzeiten_M2_WW_Samstag_06;Schaltzeiten_M2_WW_Samstag_06;0x30A8
NRF_Schaltzeiten_M2_WW_Samstag_05;Schaltzeiten_M2_WW_Samstag_05;0x30A8
NRF_Schaltzeiten_M2_WW_Sonntag_06;Schaltzeiten_M2_WW_Sonntag_06;0x30B0
NRF_Schaltzeiten_M2_WW_Sonntag_03;Schaltzeiten_M2_WW_Sonntag_03;0x30B0
NRF_Schaltzeiten_M2_WW_Sonntag_00;Schaltzeiten_M2_WW_Sonntag_00;0x30B0
NRF_Schaltzeiten_M2_WW_Sonntag_01;Schaltzeiten_M2_WW_Sonntag_01;0x30B0
NRF_Schaltzeiten_M2_WW_Sonntag_02;Schaltzeiten_M2_WW_Sonntag_02;0x30B0
NRF_Schaltzeiten_M2_WW_Sonntag_04;Schaltzeiten_M2_WW_Sonntag_04;0x30B0
NRF_Schaltzeiten_M2_WW_Sonntag_05;Schaltzeiten_M2_WW_Sonntag_05;0x30B0
NRF_Schaltzeiten_M2_WW_Sonntag_07;Schaltzeiten_M2_WW_Sonntag_07;0x30B0
Schaltzeiten_M2_WW_Montag_05;Schaltzeiten_M2_WW_Montag_05;0x3100
Schaltzeiten_M2_WW_Montag_04;Schaltzeiten_M2_WW_Montag_04;0x3100
NRF_Schaltzeiten_M2_ZP_Montag_05;Schaltzeiten_M2_ZP_Montag_05;0x3100
Schaltzeiten_M2_WW_Montag_07;Schaltzeiten_M2_WW_Montag_07;0x3100
Schaltzeiten_M2_WW_Montag_06;Schaltzeiten_M2_WW_Montag_06;0x3100
Schaltzeiten_M2_WW_Montag_02;Schaltzeiten_M2_WW_Montag_02;0x3100
NRF_Schaltzeiten_M2_ZP_Montag_07;Schaltzeiten_M2_ZP_Montag_07;0x3100
NRF_Schaltzeiten_M2_ZP_Montag_06;Schaltzeiten_M2_ZP_Montag_06;0x3100
Schaltzeiten_M2_WW_Montag_03;Schaltzeiten_M2_WW_Montag_03;0x3100
NRF_Schaltzeiten_M2_ZP_Montag_00;Schaltzeiten_M2_ZP_Montag_00;0x3100
Schaltzeiten_M2_WW_Montag_01;Schaltzeiten_M2_WW_Montag_01;0x3100
NRF_Schaltzeiten_M2_ZP_Montag_02;Schaltzeiten_M2_ZP_Montag_02;0x3100
NRF_Schaltzeiten_M2_ZP_Montag_03;Schaltzeiten_M2_ZP_Montag_03;0x3100
Schaltzeiten_M2_WW_Montag_00;Schaltzeiten_M2_WW_Montag_00;0x3100
NRF_Schaltzeiten_M2_ZP_Montag_01;Schaltzeiten_M2_ZP_Montag_01;0x3100
NRF_Schaltzeiten_M2_ZP_Montag_04;Schaltzeiten_M2_ZP_Montag_04;0x3100
NRF_Schaltzeiten_M2_ZP_Dienstag_05;Schaltzeiten_M2_ZP_Dienstag_05;0x3108
NRF_Schaltzeiten_M2_ZP_Dienstag_01;Schaltzeiten_M2_ZP_Dienstag_01;0x3108
NRF_Schaltzeiten_M2_ZP_Dienstag_02;Schaltzeiten_M2_ZP_Dienstag_02;0x3108
Schaltzeiten_M2_WW_Dienstag_00;Schaltzeiten_M2_WW_Dienstag_00;0x3108
NRF_Schaltzeiten_M2_ZP_Dienstag_04;Schaltzeiten_M2_ZP_Dienstag_04;0x3108
Schaltzeiten_M2_WW_Dienstag_03;Schaltzeiten_M2_WW_Dienstag_03;0x3108
NRF_Schaltzeiten_M2_ZP_Dienstag_03;Schaltzeiten_M2_ZP_Dienstag_03;0x3108
NRF_Schaltzeiten_M2_ZP_Dienstag_07;Schaltzeiten_M2_ZP_Dienstag_07;0x3108
Schaltzeiten_M2_WW_Dienstag_05;Schaltzeiten_M2_WW_Dienstag_05;0x3108
Schaltzeiten_M2_WW_Dienstag_02;Schaltzeiten_M2_WW_Dienstag_02;0x3108
Schaltzeiten_M2_WW_Dienstag_07;Schaltzeiten_M2_WW_Dienstag_07;0x3108
NRF_Schaltzeiten_M2_ZP_Dienstag_06;Schaltzeiten_M2_ZP_Dienstag_06;0x3108
NRF_Schaltzeiten_M2_ZP_Dienstag_00;Schaltzeiten_M2_ZP_Dienstag_00;0x3108
Schaltzeiten_M2_WW_Dienstag_01;Schaltzeiten_M2_WW_Dienstag_01;0x3108
Schaltzeiten_M2_WW_Dienstag_04;Schaltzeiten_M2_WW_Dienstag_04;0x3108
Schaltzeiten_M2_WW_Dienstag_06;Schaltzeiten_M2_WW_Dienstag_06;0x3108
NRF_Schaltzeiten_M2_ZP_Mittwoch_01;Schaltzeiten_M2_ZP_Mittwoch_01;0x3110
NRF_Schaltzeiten_M2_ZP_Mittwoch_02;Schaltzeiten_M2_ZP_Mittwoch_02;0x3110
NRF_Schaltzeiten_M2_ZP_Mittwoch_05;Schaltzeiten_M2_ZP_Mittwoch_05;0x3110
NRF_Schaltzeiten_M2_ZP_Mittwoch_03;Schaltzeiten_M2_ZP_Mittwoch_03;0x3110
NRF_Schaltzeiten_M2_ZP_Mittwoch_04;Schaltzeiten_M2_ZP_Mittwoch_04;0x3110
NRF_Schaltzeiten_M2_ZP_Mittwoch_07;Schaltzeiten_M2_ZP_Mittwoch_07;0x3110
NRF_Schaltzeiten_M2_ZP_Mittwoch_00;Schaltzeiten_M2_ZP_Mittwoch_00;0x3110
Schaltzeiten_M2_WW_Mittwoch_05;Schaltzeiten_M2_WW_Mittwoch_05;0x3110
Schaltzeiten_M2_WW_Mittwoch_01;Schaltzeiten_M2_WW_Mittwoch_01;0x3110
Schaltzeiten_M2_WW_Mittwoch_07;Schaltzeiten_M2_WW_Mittwoch_07;0x3110
Schaltzeiten_M2_WW_Mittwoch_06;Schaltzeiten_M2_WW_Mittwoch_06;0x3110
Schaltzeiten_M2_WW_Mittwoch_02;Schaltzeiten_M2_WW_Mittwoch_02;0x3110
Schaltzeiten_M2_WW_Mittwoch_00;Schaltzeiten_M2_WW_Mittwoch_00;0x3110
Schaltzeiten_M2_WW_Mittwoch_03;Schaltzeiten_M2_WW_Mittwoch_03;0x3110
NRF_Schaltzeiten_M2_ZP_Mittwoch_06;Schaltzeiten_M2_ZP_Mittwoch_06;0x3110
Schaltzeiten_M2_WW_Mittwoch_04;Schaltzeiten_M2_WW_Mittwoch_04;0x3110
NRF_Schaltzeiten_M2_ZP_Donnerstag_01;Schaltzeiten_M2_ZP_Donnerstag_01;0x3118
NRF_Schaltzeiten_M2_ZP_Donnerstag_05;Schaltzeiten_M2_ZP_Donnerstag_05;0x3118
Schaltzeiten_M2_WW_Donnerstag_01;Schaltzeiten_M2_WW_Donnerstag_01;0x3118
Schaltzeiten_M2_WW_Donnerstag_07;Schaltzeiten_M2_WW_Donnerstag_07;0x3118
Schaltzeiten_M2_WW_Donnerstag_03;Schaltzeiten_M2_WW_Donnerstag_03;0x3118
Schaltzeiten_M2_WW_Donnerstag_06;Schaltzeiten_M2_WW_Donnerstag_06;0x3118
NRF_Schaltzeiten_M2_ZP_Donnerstag_04;Schaltzeiten_M2_ZP_Donnerstag_04;0x3118
Schaltzeiten_M2_WW_Donnerstag_04;Schaltzeiten_M2_WW_Donnerstag_04;0x3118
NRF_Schaltzeiten_M2_ZP_Donnerstag_02;Schaltzeiten_M2_ZP_Donnerstag_02;0x3118
NRF_Schaltzeiten_M2_ZP_Donnerstag_03;Schaltzeiten_M2_ZP_Donnerstag_03;0x3118
Schaltzeiten_M2_WW_Donnerstag_00;Schaltzeiten_M2_WW_Donnerstag_00;0x3118
NRF_Schaltzeiten_M2_ZP_Donnerstag_07;Schaltzeiten_M2_ZP_Donnerstag_07;0x3118
Schaltzeiten_M2_WW_Donnerstag_02;Schaltzeiten_M2_WW_Donnerstag_02;0x3118
NRF_Schaltzeiten_M2_ZP_Donnerstag_00;Schaltzeiten_M2_ZP_Donnerstag_00;0x3118
Schaltzeiten_M2_WW_Donnerstag_05;Schaltzeiten_M2_WW_Donnerstag_05;0x3118
NRF_Schaltzeiten_M2_?ZP_Donnerstag_06;Schaltzeiten_M2_ZP_Donnerstag_06;0x3118
NRF_Schaltzeiten_M2_ZP_Freitag_05;Schaltzeiten_M2_ZP_Freitag_05;0x3120
NRF_Schaltzeiten_M2_ZP_Freitag_01;Schaltzeiten_M2_ZP_Freitag_01;0x3120
NRF_Schaltzeiten_M2_ZP_Freitag_06;Schaltzeiten_M2_ZP_Freitag_06;0x3120
Schaltzeiten_M2_WW_Freitag_06;Schaltzeiten_M2_WW_Freitag_06;0x3120
NRF_Schaltzeiten_M2_ZP_Freitag_03;Schaltzeiten_M2_ZP_Freitag_03;0x3120
Schaltzeiten_M2_WW_Freitag_03;Schaltzeiten_M2_WW_Freitag_03;0x3120
Schaltzeiten_M2_WW_Freitag_04;Schaltzeiten_M2_WW_Freitag_04;0x3120
NRF_Schaltzeiten_M2_ZP_Freitag_00;Schaltzeiten_M2_ZP_Freitag_00;0x3120
Schaltzeiten_M2_WW_Freitag_00;Schaltzeiten_M2_WW_Freitag_00;0x3120
Schaltzeiten_M2_WW_Freitag_02;Schaltzeiten_M2_WW_Freitag_02;0x3120
NRF_Schaltzeiten_M2_ZP_Freitag_04;Schaltzeiten_M2_ZP_Freitag_04;0x3120
Schaltzeiten_M2_WW_Freitag_07;Schaltzeiten_M2_WW_Freitag_07;0x3120
Schaltzeiten_M2_WW_Freitag_05;Schaltzeiten_M2_WW_Freitag_05;0x3120
Schaltzeiten_M2_WW_Freitag_01;Schaltzeiten_M2_WW_Freitag_01;0x3120
NRF_Schaltzeiten_M2_ZP_Freitag_07;Schaltzeiten_M2_ZP_Freitag_07;0x3120
NRF_Schaltzeiten_M2_ZP_Freitag_02;Schaltzeiten_M2_ZP_Freitag_02;0x3120
Schaltzeiten_M2_WW_Samstag_02;Schaltzeiten_M2_WW_Samstag_02;0x3128
Schaltzeiten_M2_WW_Samstag_00;Schaltzeiten_M2_WW_Samstag_00;0x3128
NRF_Schaltzeiten_M2_ZP_Samstag_01;Schaltzeiten_M2_ZP_Samstag_01;0x3128
NRF_Schaltzeiten_M2_ZP_Samstag_07;Schaltzeiten_M2_ZP_Samstag_07;0x3128
Schaltzeiten_M2_WW_Samstag_01;Schaltzeiten_M2_WW_Samstag_01;0x3128
NRF_Schaltzeiten_M2_ZP_Samstag_06;Schaltzeiten_M2_ZP_Samstag_06;0x3128
NRF_Schaltzeiten_M2_ZP_Samstag_00;Schaltzeiten_M2_ZP_Samstag_00;0x3128
Schaltzeiten_M2_WW_Samstag_06;Schaltzeiten_M2_WW_Samstag_06;0x3128
Schaltzeiten_M2_WW_Samstag_07;Schaltzeiten_M2_WW_Samstag_07;0x3128
NRF_Schaltzeiten_M2_ZP_Samstag_04;Schaltzeiten_M2_ZP_Samstag_04;0x3128
NRF_Schaltzeiten_M2_ZP_Samstag_02;Schaltzeiten_M2_ZP_Samstag_02;0x3128
Schaltzeiten_M2_WW_Samstag_04;Schaltzeiten_M2_WW_Samstag_04;0x3128
NRF_Schaltzeiten_M2_ZP_Samstag_03;Schaltzeiten_M2_ZP_Samstag_03;0x3128
Schaltzeiten_M2_WW_Samstag_03;Schaltzeiten_M2_WW_Samstag_03;0x3128
NRF_Schaltzeiten_M2_ZP_Samstag_05;Schaltzeiten_M2_ZP_Samstag_05;0x3128
Schaltzeiten_M2_WW_Samstag_05;Schaltzeiten_M2_WW_Samstag_05;0x3128
NRF_Schaltzeiten_M2_ZP_Sonntag_04;Schaltzeiten_M2_ZP_Sonntag_04;0x3130
NRF_Schaltzeiten_M2_ZP_Sonntag_01;Schaltzeiten_M2_ZP_Sonntag_01;0x3130
Schaltzeiten_M2_WW_Sonntag_05;Schaltzeiten_M2_WW_Sonntag_05;0x3130
Schaltzeiten_M2_WW_Sonntag_07;Schaltzeiten_M2_WW_Sonntag_07;0x3130
Schaltzeiten_M2_WW_Sonntag_03;Schaltzeiten_M2_WW_Sonntag_03;0x3130
NRF_Schaltzeiten_M2_ZP_Sonntag_06;Schaltzeiten_M2_ZP_Sonntag_06;0x3130
Schaltzeiten_M2_WW_Sonntag_02;Schaltzeiten_M2_WW_Sonntag_02;0x3130
NRF_Schaltzeiten_M2_ZP_Sonntag_02;Schaltzeiten_M2_ZP_Sonntag_02;0x3130
NRF_Schaltzeiten_M2_ZP_Sonntag_03;Schaltzeiten_M2_ZP_Sonntag_03;0x3130
NRF_Schaltzeiten_M2_ZP_Sonntag_07;Schaltzeiten_M2_ZP_Sonntag_07;0x3130
Schaltzeiten_M2_WW_Sonntag_01;Schaltzeiten_M2_WW_Sonntag_01;0x3130
NRF_Schaltzeiten_M2_ZP_Sonntag_05;Schaltzeiten_M2_ZP_Sonntag_05;0x3130
Schaltzeiten_M2_WW_Sonntag_04;Schaltzeiten_M2_WW_Sonntag_04;0x3130
Schaltzeiten_M2_WW_Sonntag_00;Schaltzeiten_M2_WW_Sonntag_00;0x3130
Schaltzeiten_M2_WW_Sonntag_06;Schaltzeiten_M2_WW_Sonntag_06;0x3130
NRF_Schaltzeiten_M2_ZP_Sonntag_00;Schaltzeiten_M2_ZP_Sonntag_00;0x3130
Schaltzeiten_M2_ZP_Montag_07;Schaltzeiten_M2_ZP_Montag_07;0x3200
Schaltzeiten_M2_ZP_Montag_00;Schaltzeiten_M2_ZP_Montag_00;0x3200
Schaltzeiten_M2_ZP_Montag_06;Schaltzeiten_M2_ZP_Montag_06;0x3200
Schaltzeiten_M2_ZP_Montag_03;Schaltzeiten_M2_ZP_Montag_03;0x3200
Schaltzeiten_M2_ZP_Montag_02;Schaltzeiten_M2_ZP_Montag_02;0x3200
Schaltzeiten_M2_ZP_Montag_05;Schaltzeiten_M2_ZP_Montag_05;0x3200
Schaltzeiten_M2_ZP_Montag_01;Schaltzeiten_M2_ZP_Montag_01;0x3200
Schaltzeiten_M2_ZP_Montag_04;Schaltzeiten_M2_ZP_Montag_04;0x3200
Schaltzeiten_M2_ZP_Dienstag_03;Schaltzeiten_M2_ZP_Dienstag_03;0x3208
Schaltzeiten_M2_ZP_Dienstag_05;Schaltzeiten_M2_ZP_Dienstag_05;0x3208
Schaltzeiten_M2_ZP_Dienstag_06;Schaltzeiten_M2_ZP_Dienstag_06;0x3208
Schaltzeiten_M2_ZP_Dienstag_04;Schaltzeiten_M2_ZP_Dienstag_04;0x3208
Schaltzeiten_M2_ZP_Dienstag_02;Schaltzeiten_M2_ZP_Dienstag_02;0x3208
Schaltzeiten_M2_ZP_Dienstag_00;Schaltzeiten_M2_ZP_Dienstag_00;0x3208
Schaltzeiten_M2_ZP_Dienstag_07;Schaltzeiten_M2_ZP_Dienstag_07;0x3208
Schaltzeiten_M2_ZP_Dienstag_01;Schaltzeiten_M2_ZP_Dienstag_01;0x3208
Schaltzeiten_M2_ZP_Mittwoch_03;Schaltzeiten_M2_ZP_Mittwoch_03;0x3210
Schaltzeiten_M2_ZP_Mittwoch_07;Schaltzeiten_M2_ZP_Mittwoch_07;0x3210
Schaltzeiten_M2_ZP_Mittwoch_01;Schaltzeiten_M2_ZP_Mittwoch_01;0x3210
Schaltzeiten_M2_ZP_Mittwoch_04;Schaltzeiten_M2_ZP_Mittwoch_04;0x3210
Schaltzeiten_M2_ZP_Mittwoch_06;Schaltzeiten_M2_ZP_Mittwoch_06;0x3210
Schaltzeiten_M2_ZP_Mittwoch_02;Schaltzeiten_M2_ZP_Mittwoch_02;0x3210
Schaltzeiten_M2_ZP_Mittwoch_00;Schaltzeiten_M2_ZP_Mittwoch_00;0x3210
Schaltzeiten_M2_ZP_Mittwoch_05;Schaltzeiten_M2_ZP_Mittwoch_05;0x3210
Schaltzeiten_M2_ZP_Donnerstag_05;Schaltzeiten_M2_ZP_Donnerstag_05;0x3218
Schaltzeiten_M2_ZP_Donnerstag_01;Schaltzeiten_M2_ZP_Donnerstag_01;0x3218
Schaltzeiten_M2_ZP_Donnerstag_00;Schaltzeiten_M2_ZP_Donnerstag_00;0x3218
Schaltzeiten_M2_ZP_Donnerstag_07;Schaltzeiten_M2_ZP_Donnerstag_07;0x3218
Schaltzeiten_M2_ZP_Donnerstag_02;Schaltzeiten_M2_ZP_Donnerstag_02;0x3218
Schaltzeiten_M2_ZP_Donnerstag_04;Schaltzeiten_M2_ZP_Donnerstag_04;0x3218
Schaltzeiten_M2_ZP_Donnerstag_06;Schaltzeiten_M2_ZP_Donnerstag_06;0x3218
Schaltzeiten_M2_ZP_Donnerstag_03;Schaltzeiten_M2_ZP_Donnerstag_03;0x3218
Schaltzeiten_M2_ZP_Freitag_03;Schaltzeiten_M2_ZP_Freitag_03;0x3220
Schaltzeiten_M2_ZP_Freitag_01;Schaltzeiten_M2_ZP_Freitag_01;0x3220
Schaltzeiten_M2_ZP_Freitag_02;Schaltzeiten_M2_ZP_Freitag_02;0x3220
Schaltzeiten_M2_ZP_Freitag_00;Schaltzeiten_M2_ZP_Freitag_00;0x3220
Schaltzeiten_M2_ZP_Freitag_05;Schaltzeiten_M2_ZP_Freitag_05;0x3220
Schaltzeiten_M2_ZP_Freitag_04;Schaltzeiten_M2_ZP_Freitag_04;0x3220
Schaltzeiten_M2_ZP_Freitag_06;Schaltzeiten_M2_ZP_Freitag_06;0x3220
Schaltzeiten_M2_ZP_Freitag_07;Schaltzeiten_M2_ZP_Freitag_07;0x3220
Schaltzeiten_M2_ZP_Samstag_07;Schaltzeiten_M2_ZP_Samstag_07;0x3228
Schaltzeiten_M2_ZP_Samstag_06;Schaltzeiten_M2_ZP_Samstag_06;0x3228
Schaltzeiten_M2_ZP_Samstag_00;Schaltzeiten_M2_ZP_Samstag_00;0x3228
Schaltzeiten_M2_ZP_Samstag_05;Schaltzeiten_M2_ZP_Samstag_05;0x3228
Schaltzeiten_M2_ZP_Samstag_01;Schaltzeiten_M2_ZP_Samstag_01;0x3228
Schaltzeiten_M2_ZP_Samstag_04;Schaltzeiten_M2_ZP_Samstag_04;0x3228
Schaltzeiten_M2_ZP_Samstag_02;Schaltzeiten_M2_ZP_Samstag_02;0x3228
Schaltzeiten_M2_ZP_Samstag_03;Schaltzeiten_M2_ZP_Samstag_03;0x3228
Schaltzeiten_M2_ZP_Sonntag_02;Schaltzeiten_M2_ZP_Sonntag_02;0x3230
Schaltzeiten_M2_ZP_Sonntag_03;Schaltzeiten_M2_ZP_Sonntag_03;0x3230
Schaltzeiten_M2_ZP_Sonntag_04;Schaltzeiten_M2_ZP_Sonntag_04;0x3230
Schaltzeiten_M2_ZP_Sonntag_07;Schaltzeiten_M2_ZP_Sonntag_07;0x3230
Schaltzeiten_M2_ZP_Sonntag_05;Schaltzeiten_M2_ZP_Sonntag_05;0x3230
Schaltzeiten_M2_ZP_Sonntag_00;Schaltzeiten_M2_ZP_Sonntag_00;0x3230
Schaltzeiten_M2_ZP_Sonntag_01;Schaltzeiten_M2_ZP_Sonntag_01;0x3230
Schaltzeiten_M2_ZP_Sonntag_06;Schaltzeiten_M2_ZP_Sonntag_06;0x3230
BedienSparbetriebM2;Sparbetrieb;0x3302
BedienPartybetriebM2;Partybetrieb;0x3303
BedienRTSolltemperaturM2;Raumsolltemperatur Normalbetrieb;0x3306
BedienRTSolltemperaturReduziertM2;Raumsolltemperatur Reduzierter Betrieb;0x3307
FerienBeginnM2;Ferien Abreisetag;0x3309
FerienEndeM2;Ferien Rueckreisetag;0x3311
ExternRTSolltemperaturM2;Externe Raumsolltemperatur Normal;0x3321
BedienteilBA_GWGM2;Betriebsart;0x3323
HK_RaumsolltemperaturaktuellM2;Raumsolltemperatur;0x3500
HK_Frostgefahr_aktivM2;Frostgefahr des Heizkreises;0x3500
HK_AktuelleBetriebsartM2;Aktuelle Betriebsart;0x3500
NRF_HK_RaumsolltemperaturaktuellM2;Raumsolltemperatur;0x3500
NRF_HK_VT_Solltemperatur_M2;Vorlaufsolltemperatur;0x3500
NRF_HK_AktuelleBetriebsartM2;Aktuelle Betriebsart;0x3500
HK_VT_Solltemperatur_M2;Vorlaufsolltemperatur;0x3500
NRF_HK_Frostgefahr_aktivM2;Frostgefahr des Heizkreises;0x3500
HK_ReglervarianteM2;Reglervariante;0x3521
HK_FerienbetriebM2;Ferienprogramm;0x3535
VT_SolltemperaturM2;Vorlaufsolltemperatur;0x3544
ExtBetriebsartenumschaltung_M2;Externe Betriebsartenumschaltung;0x3549
KA0_FernbedienungM2;Fernbedienung Heizkreis M2;0x37A0
KA0_KonfiKennungFernbedienungM2;(A0) Kennung Fernbedienung;0x37A0
KA2_KonfiSpeichervorrangM2;(A2) Speichervorrang;0x37A2
KA3_KonfiFrostgrenzeM2;(A3) Frostgrenze;0x37A3
KA3_KonfiFrostgrenzeM2_GWG;(A3) Frostgrenze;0x37A3
KA3_KonfiFrostgrenzeM2_GWG_4;(A3) Frostgrenze;0x37A3
KA4_KonfiKeineFrostschutzfunktionM2;(A4) Frostschutzfunktion;0x37A4
KA5_KonfSommersparSchaltschwelleM2;(A5) Sommersparschaltung Schaltschwelle;0x37A5
KA6_KonfiAbsolutSommersparM2;(A6) Absolute Sommersparschaltung;0x37A6
KA7_KonfiMischersparfunktionM2;(A7) Mischersparfunktion;0x37A7
KA8_KonfiWirkung_aufPumpe;(A8) Einfluss auf Interne Pumpe;0x37A8
KA9_KonfiHKpumpeBeiReduziertM2;(A9) Pumpenstillstand bei Uebergang in reduzierten Betrieb;0x37A9
KA9_KonfiHKpumpeBeiReduziertM2_NR1;(A9) Pumpenstillstand bei Uebergang in reduzierten Betrieb;0x37A9
KB0_KonfiRaumaufschaltungM2;(B0) Raumaufschaltung;0x37B0
KB2_KonfiRaumeinflussM2;(B2) Raumeinflussfaktor;0x37B2
NRF_KB5_KonfiRaumSommersparM2;(B5) Sommersparschaltung RS;0x37B5
KB5_KonfiRaumSommerspar_GWGM2;(B5) Sommersparschaltung RS;0x37B5
NRF_KBB_PufferladevorgangM2;(BB) Pufferladevorgang;0x37BB
KC5_KonfiMinimalbegrenzungM2;(C5) Vorlauf - Minimalbegrenzung;0x37C5
KC6_KonfiMaximalbegrenzung_VT_SollwertM2;(C6) Vorlauf - Maximalbegrenzung;0x37C6
KC6_KonfiMaxbegrenzung_VT_SollwertM2;(C6) Vorlauf - Maximalbegrenzung;0x37C6
KD3_KonfiNeigungM2;(D3) Neigung Heizkennlinie;0x37D3
KD3_KonfiNeigungM2D; Neigung Heizkennlinie;0x37D3
KD4_KonfiNiveauM2D;Niveau Heizkennlinie ;0x37D4
KD4_KonfiNiveauM2;(D4) Niveau Heizkennlinie ;0x37D4
KD5_KonfiWirkungExtBA_UmschaltungM2;(D5) Wirkung Betriebsartenumschaltung;0x37D5
KD5_WirkungExtBA_UmschaltungM2;Richtung externe Aufschaltung;0x37D5
KE1_KonfiOffsetRT_SolltemperaturM2;(E1) Bereich Tagsolltemperatur Fernbedienung;0x37E1
KE2_KonfiRT_KorrekturFernbedienungM2;(E2) Raumistwertkorrektur Fernbedienung;0x37E2
KE5_KonfiKennung_D_PumpeM2KM;Heizkreispumpe M2;0x37E5
KE5_KonfiKennung_D_PumpeM2;(E5) Kennung Pumpe Heizkreis M2;0x37E5
KE5_KonfiKennung_D_PumpeM2_GWG;(E5) Kennung Pumpe Heizkreis M2;0x37E5
KE6_KonfiMaxDrehzahlM2_GWG;(E6) Maximale Drehzahl geregelte Pumpe;0x37E6
KE6_KonfiDPumpeMaxDrehzahlM2;(E6) Maximale Drehzahl geregelte Pumpe;0x37E6
KE7_KonfiDPumpeMinDrehzahlM2;(E7) Minimale Drehzahl geregelte Pumpe;0x37E7
KE7_KonfiMinDrehzahlM2_GWG;(E7) Minimale Drehzahl geregelte Pumpe;0x37E7
KE8_KonfiDPumpeDrehzahlNebenbetriebM2;(E8) Drehzahl Nebenbetrieb geregelte Pumpe;0x37E8
KE8_KonfiNebenbetriebM2_GWG;(E8) Solldrehzahl Pumpe im Nebenbetrieb;0x37E8
KE9_KonfiDPumpeMinDrehzahlReduziertM2;(E9) Reduzierte Drehzahl geregelte Pumpe;0x37E9
KE9_KonfiDrehzahlReduziertM2_GWG;(E9) Reduzierte Drehzahl geregelte Pumpe;0x37E9
KF1_KonfiTemperaturprogrammM2;(F1) Estrichfunktion;0x37F1
KF2_KonfiPartyzeitGWGM2;(F2) Zeitbegrenzung Party/ Betriebsartenumschaltung;0x37F2
KF8_KonfiStartModTRSollredM2;(F8) Start Modifizierung Raumsolltemp. red.;0x37F8
KF9_KonfiEndeModTRSollredM2;(F9) Ende Modifizierung Raumsolltemp. red.;0x37F9
KFA_KonfiUeberhoehungVTSollM2;(FA) öberhîhung Vorlaufsolltemperatur;0x37FA
KFB_KonfiDauerUeberhoehungVTSollM2;(FB) Dauer öberhîhung Vorlaufsolltemperatur;0x37FB
VorlauftemperaturM2;Vorlauftemperatur;0x3900
HK_PumpenzustandM2;Heizkreispumpe;0x3906
HK_VT_Solltemperatur_M3;Vorlaufsolltemperatur;0x4500
KA0_FernbedienungM3;Fernbedienung Heizkreis M3;0x47A0
KB5_KonfiRaumSommerspar_GWGM3;(B5) Sommersparschaltung RS;0x47B5
KD3_KonfiNeigungM3;(D3) Neigung Heizkennlinie;0x47D3
KD4_KonfiNiveauM3;(D4) Niveau Heizkennlinie ;0x47D4
KE5_KonfiKennung_D_PumpeM3KM;Heizkreispumpe M3;0x47E5
KF8_KonfiStartModTRSollredM3;(F8) Start Modifizierung Raumsolltemp. red.;0x47F8
KF9_KonfiEndeModTRSollredM3;(F9) Ende Modifizierung Raumsolltemp. red.;0x47F9
KFA_KonfiUeberhoehungVTSollM3;(FA) öberhîhung Vorlaufsolltemperatur;0x47FA
KFB_KonfiDauerUeberhoehungVTSollM3;(FB) Dauer öberhîhung Vorlaufsolltemperatur;0x47FB
NRF_Tiefpass_AT;Aussentemperatur;0x5523
TiefpassTemperaturwert_ATS;Aussentemperatur;0x5525
Gemischte_AT;Aussentemperatur gedaempft;0x5527
RKR_11KTSolleff_Kessel;Kesselsolltemperatur (effektiv);0x555A
Kesselsoll_eff;Kesselsolltemperatur;0x555A
RKR_12PSolleff_Kessel;Kesselsollleistung (effektiv);0x555C
GWG_Verriegelung;Feuerungsautomat verriegelt ;0x55D3
GWG_Flamme;Brenner ;0x55D3
GWG_Flamme1;Flammensignal;0x55DD
GWG_Brenner_2;Brenner 2. Stufe ;0x55DD
GWG_Brenner_1;Brenner 1. Stufe ;0x55DE
RKR_GWG_VSDatenKTSoll;Kesselsolltemperatur;0x55E0
NRF_LeistungSollwertinkW;berechneter Sollwert der Anlagenleistung in KW;0x5606
NRF_Kaskade_Freigabe;Freigabestatus der Anlage;0x5634
NRF_Kaskade_Leistungssteuerung;Leistungssteuerung aktiv (1) oder passiv (0);0x5635
K06_KonfiKTMaxGWG;(06) Kesselmaximaltemperatur;0x5706
K1E_KonfiGasart;(1E) Gasart;0x571E
K21_KonfiBetriebsstdBrennerWart100;(21) Betriebsstunden Brenner fuer Wartung;0x5721
K21_KonfiBetriebsstdBrenner_Wartung;Grenzwert Betriebsstunden Brenner;0x5721
K23_KonfiZeitintervallWartung;(23) Zeitintervall fuer Wartung;0x5723
K23_KonfiZeitintervall_Wartung;Eingestelltes Zeitintervall;0x5723
K24_KonfiStatusWartung;(24) Status der Wartung;0x5724
K24_KonfiStatus_Wartung;Wartung;0x5724
K24_KonfiStatusWartungFunktionReset;Wartung zuruecksetzen;0x5724
K25_ATS_Konstant;(25) Au·entemperatursensor;0x5725
K28_KonfiIntervallzuendung;(28) Intervallzuendung Brenner alle 5 Stunden;0x5728
K2E_KonfiKennungAnschlussD;Externe Erweiterung;0x572E
K2E_KonfiKennungAnschluss;(2E) Kennung Externe Erweiterung;0x572E
K2F_KonfiEntlueftung;(2F) EntlÅftungs-/ BefÅllungsprogramm;0x572F
K30_KennungIntPumpeKM;Interne UmwÑlzpumpe;0x5730
K30_KennungIntPumpe;(30) Kennung Interne UmwÑlzpumpe;0x5730
K31_DrehzahlIntPumpe;(31) Solldrehzahl Interne Pumpe;0x5731
K32_KonfiExtSperre;(32) Einflu· Extern Sperren auf Pumpen;0x5732
K34_KonfiExtAnf;(34) Einflu· Extern Anfordern auf Pumpen;0x5734
K38_KonfiFehlerByteGFA;(38) aktueller Fehlerstatus GFA;0x5738
K38_KonfiFehlerByteGFA_D;Fehlercode GFA;0x5738
Bedien_WW_Solltemperatur;Warmwassersolltemperatur;0x6300
WW_SolltemperaturAktuell;Warmwassersolltemperatur;0x6500
NRF_WW_SolltemperaturAktuell;Warmwassersolltemperatur;0x6500
WW_Status_NR1;Warmwasserbereitung;0x650A
Speicherladepumpe;Speicherladepumpe;0x6513
Zirkulationspumpe;Zirkulationspumpe;0x6515
KM_Error_Vitosolic;KM-Bus-Fehler Vitosolic;0x6550
SolarNachlade;Solar NachladeunterdrÅckung;0x6551
SolarPumpe;Solar Solarpumpe;0x6552
SolarWaerme;Solar WÑrmemenge;0x6560
Solarkollektortemperatur;Solar Kollektortemperatur;0x6564
SolarSpeichertemperatur;Solar Speichertemperatur;0x6566
SolarStunden;Solar Betriebsstunden;0x6568
SolarSWIndex;Solarregelung Software-Index;0x656A
K56_KonfiWW_SolltempBereichGWG;(56) Warmwasser-Solltemperatur-Bereich;0x6756
K56_KonfiWW_SolltemperaturBereich;(56) Warmwasser-Solltemperatur-Bereich;0x6756
NRF_K58_KonfiWW_Solltemperatur2;(58) Zweiter Speichersollwert;0x6758
K58_KonfiWW_Solltemperatur2;(58) Warmwassersolltemperatur 2;0x6758
K59_KonfiWW_EinschaltOffset;(59) Einschaltpunkt Speicher;0x6759
K5B_KonfiAnbindungSpeicher;(5B) Anbindung Speicher an Hydr. Weiche;0x675B
NRF_K60_KonfiWW_KesselOffset;(60) Kesselsollwert bei Speicherladung;0x6760
K60_KonfiWW_KesselOffset;(60) Offset fuer Kessel- bzw Vorlaufsolltemperatur (auf Warmwassersolltemperatur);0x6760
K62_KonfiLpumpeNachlauf_GWG;(62) Nachlauf Speicherladepumpe;0x6762
NRF_K65_KonfiWaermetraegermedium;(65) WÑrmetrÑgermedium;0x6765
K65_KonfibauartUmschaltventil;(65) Bauart Umschaltventil;0x6765
K65_KonfibauartUmschaltventil_D;Umschaltventil;0x6765
NRF_K66_KonfiVolumenstrom;(66) Volumenstrom;0x6766
NRF_K67_KonfiWW_Solltemperatur3;(67) Warmwassersolltemperatur bei NachladeunterdrÅckung Solar;0x6767
K67_KonfiWW_Soll3;(67) Warmwassersolltemperatur bei NachladeunterdrÅckung;0x6767
NRF_K68_KonfiKollektormaximaltemperatur;(68) Kollektormaximaltemperaturbegrenzung;0x6768
NRF_K69_KonfiKollektorminimalbegrenzung;(69) Kollektorminmaltemperaturbegrenzung;0x6769
NRF_K6A_KonfiEinschalttempDifferenz;(6A) Einschaltpunkt Solarpumpe;0x676A
NRF_K6B_KonfiAusschalttempDifferenz;(6B) Relativer Ausschaltpunkt Solarpumpe;0x676B
NRF_K6C_KonfiSpeichermaximaltemperatur;(6C) Speichermaximaltemperatur;0x676C
K6C_KonfiDrehzahlWW;(6C) Drehzahl Interne Pumpe bei WW-Bereitung;0x676C
K6D_KonfiAnzapffunktion;(6D) Anzapffunktion;0x676D
NRF_K6D_KonfiFrostschutztemperatur;(6D) Frostschutztemperatur;0x676D
NRF_K6E_KonfiKollektoranfahrtempMAX;(6E)  Kollektoranfahrtemperatur MAX;0x676E
K6F_KonfiBegrenzungWW;(6F) Begrenzung Warmwasserleistung;0x676F
NRF_K6F_KonfiHystKollektoranfahrtemp;(6F)  Hysterese Kollektoranfahrtemperatur MAX;0x676F
K71_KonfiZpumpeBeiWW_Soll1;(71) Zirkulationspumpe bei Speicherladung 1. WW-Sollwert;0x6771
K72_KonfiZpumpeBeiWW_Soll2;(72)  Zirkulationspumpe bei Speicherladung 2. WW-Sollwert;0x6772
K73_KonfiZpumpeIntervallFreigabe;(73) Intervall-Freigabe Zirkulationspumpe;0x6773
NRF_K84_KonfiWW_Einschaltpunkt;(84) Einschaltpunkt Speicherladepumpe / Umschaltventil;0x6784
NRF_K85_KonfiWW_Ausschaltpunkt;(85) Ausschaltpunkt Speicherladepumpe / Umschaltventil;0x6785
NRF_WW_vorhanden;WW-Speicher;0x6900
Bedienteil_SW_Index;Bedienteil Software-Index;0x7330
RelaistestVitoplus_Konstant;Relaistest;0x7500
RelaistestVitoplus;Relaistest;0x7500
RelaistestGWG200x_Konstant;Relaistest;0x7500
RelaistestGWG200x;Relaistest;0x7500
LetzteIntervallWartung_reset;Initialisierung Zeitintervall;0x756C
LetzteIntervallWartung;vergangene Zeit seit letzter Wartung;0x756C
LetzteBrennerWartung_reset;Initialisierung Betriebsstunden;0x7570
LetzteBrennerWartung;Betriebsstunden Brenner seit letzter  Wartung;0x7570
FehlerHisFA01;Fehlerhistorie FA 01;0x7590
FehlerHisFA02;Fehlerhistorie FA 02;0x7599
FehlerHisFA03;Fehlerhistorie FA 03;0x75A2
FehlerHisFA04;Fehlerhistorie FA 04;0x75AB
FehlerHisFA05;Fehlerhistorie FA 05;0x75B4
FehlerHisFA06;Fehlerhistorie FA 06;0x75BD
FehlerHisFA07;Fehlerhistorie FA 07;0x75C6
FehlerHisFA08;Fehlerhistorie FA 08;0x75CF
FehlerHisFA09;Fehlerhistorie FA 09;0x75D8
FehlerHisFA10;Fehlerhistorie FA 10;0x75E1
FehlerHisFA11;Fehlerhistorie FA 11;0x75EA
FehlerHisFA12;Fehlerhistorie FA 12;0x75F3
FehlerHisFA13;Fehlerhistorie FA 13;0x75FC
FehlerHisFA14;Fehlerhistorie FA 14;0x7605
FehlerHisFA15;Fehlerhistorie FA 15;0x760E
FehlerHisFA16;Fehlerhistorie FA 16;0x7617
FehlerHisFA17;Fehlerhistorie FA 17;0x7620
FehlerHisFA18;Fehlerhistorie FA 18;0x7629
FehlerHisFA19;Fehlerhistorie FA 19;0x7632
FehlerHisFA20;Fehlerhistorie FA 20;0x763B
KS_Karte_GWG_Typ1;GerÑtetyp;0x7656
KS_Karte_GWG_Typ;Codierkarte Typ;0x7656
KS_Karte_GWG_Rev_F;Codierkarte Revision GFA;0x7656
KS_Karte_GWG_Kennung;Codierkarte GerÑtekennung;0x7656
KS_Karte_GWG_Rev_R;Codierkarte Revision GWG;0x7656
DigitalAusgang_InternePumpe;Interne Pumpe;0x7660
InternePumpeDrehzahl;Interne Pumpe Drehzahl;0x7660
Ausgang_HKP_A1;Heizkreispumpe;0x7663
HKP_A1Drehzahl;Heizkreispumpe Drehzahl;0x7663
Ausgang_HKP_M2;Heizkreispumpe;0x7665
HKP_M2Drehzahl;Heizkreispumpe Drehzahl;0x7665
K00_KonfiAnlagenschemaGWG_W;(00) Heizkreis-Warmwasserschema;0x7700
NRF_KTInfo_KonfiAnlagenschema;Heizkreis-Warmwasserschema (nur lesen);0x7700
K00_Mischererweiterung_KM;Mischererweiterung;0x7700
K50_Reglervariante;(50) Reglervariante;0x7750
K52_KonfiWeiche;(52) Sensor Hydraulische Weiche;0x7752
K53_RangierungD;Rangierung Relais K12;0x7753
K53_Rangierung;(53) Rangierung Relais K12;0x7753
K54_Solar;(54) Solarregelung;0x7754
NRF_K54_Solar_Info_Extern;Solarregelung extern;0x7754
K54_Solar_Info;Solarregelung;0x7754
K76_KonfiKommunikationsmodul_D;Kommunikationsmodul;0x7776
K76_GWGiKommunikationsmodul_D;Kommunikationsmodul;0x7776
K76_Kommunikationsmodul_GWG;(76) Kommunikationsmodul;0x7776
K77_KonfiVI_TeilnehmernummerV100_V300;(77) Viessmann - Teilnehmernummer;0x7777
K77_KonfiVI_TeilnehmernummerV100_V300_D;Viessmann - Teilnehmernummer;0x7777
K78_KonfiNVKommunikationLONV100GC1_D;LON - Kommunikation freigegeben;0x7778
K78_KonfiNVKommunikationLONV100GC1;(78) LON - Kommunikation Freigeben/ Sperren;0x7778
K79_KonfiFehlerManagerV100_V050_D;Fehlermanager der Anlage;0x7779
K79_KonfiFehlerManagerV100_V050;(79) Zentraler Fehlermanager der Anlage;0x7779
K79_KonfiFehlerManagerV300_V333;(79) Zentraler Fehlermanager der Anlage;0x7779
K7B_KonfiFunktionUhrSenden_3;(7B) Uhrzeit auf LON;0x777B
K7B_KonfiFunktionUhrSenden;(7B) Uhrzeit auf LON;0x777B
K7B_Konfi_FunktionUhrSenden;Uhrzeit auf LON;0x777B
K7F_KonfiEinfamilienhaus;(7F) Unterscheidung Einfamilienhaus - Mehrparteienhaus;0x7?77F
K80_KonfiFehlerDelay;(80) Verzoegerung Fehleranzeige;0x7780
NRF_K80_KonfiFehlerDelay;(80) Verzoegerung Fehleranzeige;0x7780
K81_Konfi_FunktionUhr_D;Uhrzeit vom LON;0x7781
K81_KonfiFunktionUhr;(81) Funktion Uhr;0x7781
K88_KonfiCelsiusFahrenheit;(88) Anzeigemodus Celsius - Fahrenheit;0x7788
K8B_KonfiEEPROM_Status;(8B) EEPROM Status;0x778B
K8C_KonfiSW_StandNR_msb;(8C) Version der Regelungssoftware - oberes Byte;0x778C
K8D_KonfiSW_StandNR_lsb;(8D) Version der Regelungssoftware unteres Byte;0x778D
K8E_I2C_FehlerEEPROM_GWG;(8E) I2C Fehlerflag EEPROM GWG;0x778E
K90_KonfiZeitkonstAussentemperatur;(90) Zeitkonstante Aussentemperatur;0x7790
K91_KonfiZuordnungExtBA_GWG;(91) Zuordnung externe Betriebsartenumschaltung;0x7791
K95_KennungDekatelM;(95) Konfiguration Vitocom 100;0x7795
K95_KennungVitocom100;Vitocom 100;0x7795
K97_Konfi_Aussentemperatur;(97) Konfiguration  Aussentemperatur;0x7797
KonfiVerwendungAussentemperatur;(97) Konfiguration Aussentemperatur;0x7797
K98_KonfiVI_Anlagennummer_D;Viessmann - Anlagennummer;0x7798
K98_KonfiVI_Anlagennummer;(98) Viessmann - Anlagennummer;0x7798
K9B_KonfiVT_SolltemperaturExternV100_V333;(9B) VT_Solltemperatur bei externer Anforderung;0x779B
K9C_KonfiReceiveHeartBeat;(9C) Ueberwachung LON-Teilnehmer;0x779C
K9F_KonfiDTKMischerkreise;(9F) Differenztemperatur VT-Erzeugung;0x779F
BauartWarmwasser;Bauart Warmwasser;0x8851
WPR_vmarSchaltzeitenGroup_1_0;WPR_vmarSchaltzeitenGroup_1_0;0x9000
WPR_Tagesprogramm_HK1_Mo;Tagesprogramm HK1 Montag;0x9000
WPR_Tagesprogramm_HK1_Di;Tagesprogramm HK1 Dienstag;0x9001
WPR_Tagesprogramm_HK1_Mi;Tagesprogramm HK1 Mittwoch;0x9002
WPR_Tagesprogramm_HK1_Do;Tagesprogramm HK1 Donnerstag;0x9003
WPR_Tagesprogramm_HK1_Fr;Tagesprogramm HK1 Freitag;0x9004
WPR_Tagesprogramm_HK1_Sa;Tagesprogramm HK1 Samstag;0x9005
WPR_Tagesprogramm_HK1_So;Tagesprogramm HK1 Sonntag;0x9006
WPR_Tagesprogramm_HK2_Mo;Tagesprogramm HK2 Montag;0x9007
WPR_Tagesprogramm_HK2_Di;Tagesprogramm HK2 Dienstag;0x9008
WPR_Tagesprogramm_HK2_Mi;Tagesprogramm HK2 Mittwoch;0x9009
WPR_Tagesprogramm_HK2_Do;Tagesprogramm HK2 Donnerstag;0x900A
WPR_Tagesprogramm_HK2_Fr;Tagesprogramm HK2 Freitag;0x900B
WPR_Tagesprogramm_HK2_Sa;Tagesprogramm HK2 Samstag;0x900C
WPR_Tagesprogramm_HK2_So;Tagesprogramm HK2 Sonntag;0x900D
WPR_Tagesprogramm_HK3_Mo;Tagesprogramm HK3 Montag;0x900E
WPR_Tagesprogramm_HK3_Di;Tagesprogramm HK3 Dienstag;0x900F
WPR_Tagesprogramm_HK3_Mi;Tagesprogramm HK3 Mittwoch;0x9010
WPR_Tagesprogramm_HK3_Do;Tagesprogramm HK3 Donnerstag;0x9011
WPR_Tagesprogramm_HK3_Fr;Tagesprogramm HK3 Freitag;0x9012
WPR_Tagesprogramm_HK3_Sa;Tagesprogramm HK3 Samstag;0x9013
WPR_Tagesprogramm_HK3_So;Tagesprogramm HK3 Sonntag;0x9014
WPR_Tagesprogramm_PSP_Mo;Tagesprogramm Pufferspeicher Montag;0x9015
WPR_Tagesprogramm_PSP_Di;Tagesprogramm Pufferspeicher Dienstag;0x9016
WPR_Tagesprogramm_PSP_Mi;Tagesprogramm Pufferspeicher Mittwoch;0x9017
WPR_Tagesprogramm_PSP_Do;Tagesprogramm Pufferspeicher Donnerstag;0x9018
WPR_Tagesprogramm_PSP_Fr;Tagesprogramm Pufferspeicher Freitag;0x9019
WPR_Tagesprogramm_PSP_Sa;Tagesprogramm Pufferspeicher Samstag;0x901A
WPR_Tagesprogramm_PSP_So;Tagesprogramm Pufferspeicher Sonntag;0x901B
WPR_Tagesprogramm_WW_Mo;Tagesprogramm Warmwasser Montag;0x901C
WPR_Tagesprogramm_WW_Di;Tagesprogramm Warmwasser Dienstag;0x901D
WPR_Tagesprogramm_WW_Mi;Tagesprogramm Warmwasser Mittwoch;0x901E
WPR_Tagesprogramm_WW_Do;Tagesprogramm Warmwasser Donnerstag;0x901F
WPR_Tagesprogramm_WW_Fr;Tagesprogramm Warmwasser Freitag;0x9020
WPR_Tagesprogramm_WW_Sa;Tagesprogramm Warmwasser Samstag;0x9021
WPR_Tagesprogramm_WW_So;Tagesprogramm Warmwasser Sonntag;0x9022
WPR_Tagesprogramm_ZP_Mo;Tagesprogramm Zirkulationspumpe Montag;0x9023
WPR_Tagesprogramm_ZP_Di;Tagesprogramm Zirkulationspumpe Dienstag;0x9024
WPR_Tagesprogramm_ZP_Mi;Tagesprogramm Zirkulationspumpe Mittwoch;0x9025
WPR_Tagesprogramm_ZP_Do;Tagesprogramm Zirkulationspumpe Donnerstag;0x9026
WPR_Tagesprogramm_ZP_Fr;Tagesprogramm Zirkulationspumpe Freitag;0x9027
WPR_Tagesprogramm_ZP_Sa;Tagesprogramm Zirkulationspumpe Samstag;0x9028
WPR_Tagesprogramm_ZP_So;Tagesprogramm Zirkulationspumpe Sonntag;0x9029
Node_Teilnehmer;Teilnehmernummer;0xA000
Node_Subnet;Subnet;0xA000
Node_Node;Node;0xA000
Node_Domain;Domain;0xA000
vlogRPCClearMemberList;Teilnehmerliste loeschen;0xA009
Neuron_ID;Neuron ID;0xA009
Teilnehmerliste_LON_12;Teilnehmerliste LON (12)  Anlage/TN;0xA010
Teilnehmerliste_LON_13;Teilnehmerliste LON (13)  Anlage/TN;0xA010
Teilnehmerliste_LON_14;Teilnehmerliste LON (14)  Anlage/TN;0xA010
Teilnehmerliste_LON_02;Teilnehmerliste LON (02)  Anlage/TN;0xA010
Teilnehmerliste_LON_11;Teilnehmerliste LON (11)  Anlage/TN;0xA010
Teilnehmerliste_LON_15;Teilnehmerliste LON (15)  Anlage/TN;0xA010
Teilnehmerliste_LON_10;Teilnehmerliste LON (10)  Anlage/TN;0xA010
Teilnehmerliste_LON_06;Teilnehmerliste LON (06)  Anlage/TN;0xA010
Teilnehmerliste_LON_07;Teilnehmerliste LON (07)  Anlage/TN;0xA010
Teilnehmerliste_LON_00;Teilnehmerliste LON eigene TN-Nummer Anlage/TN;0xA010
Teilnehmerliste_LON_04;Teilnehmerliste LON (04)  Anlage/TN;0xA010
Teilnehmerliste_LON_09;Teilnehmerliste LON (09)  Anlage/TN;0xA010
Teilnehmerliste_LON_03;Teilnehmerliste LON (03)  Anlage/TN;0xA010
Teilnehmerliste_LON_08;Teilnehmerliste LON (08)  Anlage/TN;0xA010
Teilnehmerliste_LON_05;Teilnehmerliste LON (05)  Anlage/TN;0xA010
Teilnehmerliste_LON_01;Teilnehmerliste LON (01) Anlage/TN;0xA010
Teilnehmerliste_LON_0;Teilnehmerliste LON (00);0xA010
Sachnummer_LON;Sachnummer LON;0xA011
vlogRPCClearDeviceList;Geraeteliste loeschen;0xA031
Sachnummer_87c652;Sachnummer 87c652;0xA03D
Sachnummer_foreign;Sachnummer foreign;0xA03D
Konfi_FunktionReset_GWG;Anlieferzustand Codierungen;0xA050
BedienparameterA1M1FunktionReset;Grundeinstellung Bedienparameter;0xA051
BedienparameterM2FunktionReset;Grundeinstellung Bedienparameter;0xA051
vmarSchaltzeitenGroup_1_3;vmarSchaltzeitenGroup_1_3;0xa101
vmarSchaltzeitenGroup_2_3;vmarSchaltzeitenGroup_2_3;0xa101
vmarSchaltzeitenGroup_1_1;vmarSchaltzeitenGroup_1_1;0xa101
vmarSchaltzeitenGroup_1_4;vmarSchaltzeitenGroup_1_4;0xa101
vmarSchaltzeitenGroup_2_4;vmarSchaltzeitenGroup_2_4;0xa101
vmarSchaltzeitenGroup_2_0;vmarSchaltzeitenGroup_2_0;0xa101
vmarSchaltzeitenGroup_2_2;vmarSchaltzeitenGroup_2_2;0xa101
vmarSchaltzeitenGroup_2_1;vmarSchaltzeitenGroup_2_1;0xa101
vmarSchaltzeitenGroup_1_0;vmarSchaltzeitenGroup_1_0;0xa101
vmarSchaltzeitenGroup_1_2;vmarSchaltzeitenGroup_1_2;0xa101
ddcRPCnciHtgSummerTemp;Schwellwert Heizen im Sommer;0xa101
ddcRPCnciDayRoomSP;Tages-Soll-Temperatur SozialrÑume;0xa101
nciNetConfig1;Binding;0xA102
nciNetConfig;nciNetConfig;0xA102
vmarLockFileAccessUser;Lese-/Schreibberechtigung;0xa103
nvoTimeSet_Stunde;Uhrzeit Senden - Stunde;0xA12B
nvoTimeSet_Minute;Uhrzeit Senden - Minute;0xA12B
nvoTimeSet_Monat;Uhrzeit Senden - Monat;0xA12B
nvoTimeSet_Jahr;Uhrzeit Senden - Jahr;0xA12B
nvoTimeSet_Sekunde;Uhrzeit Senden - Sekunde;0xA12B
nvoTimeSet_Tag;Uhrzeit Senden - Tag;0xA12B
nvoAlarm_Fehlermanager_Teilnehmerliste;Fehlermanager;0xA132
nvoAlarm_Stunde;Alarm Stunde;0xA132
nvoAlarm_Fehlermanager;Alarm Fehlermanager;0xA132
nvoAlarm_Jahr;Alarm Jahr;0xA132
nvoAlarm_Nr_gestoerterTeilnehmer;Alarm  Nummer gestoerter Teilnehmer;0xA132
nvoAlarm_Kennung;Alarm - Kennung;0xA132
nvoAlarm_Tag;Alarm Tag;0xA132
nvoAlarm_Anlagennummer;Alarm  Anlagennummer;0xA132
nvoAlarm_Veraenderung;Alarm Veraenderungsflag;0xA132
nvoAlarm_Monat;Alarm Monat;0xA132
nvoAlarm_Sekunde;Alarm Sekunde;0xA132
nvoAlarm_Teilnehmernummer;Alarm Teilnehmernummer - Geraet;0xA132
nvoAlarm_Fehlercode;Alarm Fehlercode;0xA132
nvoAlarm_Minute;Alarm Minute;0xA132
nvoOATemp;Aussentemperatur Senden;0xA14F
nvoRelayState_HKP1_Nachtkontakt;Relais-Status Heizkreispumpe 1 Nachtkontakt;0xA152
nvoRelayState_HKP2;Relais-Status Heizkreispumpe 2;0xA152
nvoRelayState_UV_Warmwasser;Relais-Status Umschaltventil Warmwasser;0xA152
nvoRelayState_HKP3_Nachtkontakt_GWG;nicht belegt;0xA152
nvoRelayState_HKP1;Relais-Status Heizkreispumpe 1;0xA152
nvoRelayState_HKP2_Nachtkontakt;Relais-Status Heizkreispumpe 2 Nachtkontakt;0xA152
nvoRelayState_Zubringerpumpe;Relais-Status Zubringerpumpe;0xA152
nvoRelayState_SLP;Relais-Status Speicherladepumpe;0xA152
nvoRelayState_Interne_Pumpe;Relais-Status Interne Pumpe;0xA152
nvoRelayState_Brenner;nicht belegt;0xA152
nvoRelayState_ZP;Relais-Status Zirkulationspumpe;0xA152
nvoRelayState_Sammelstoerung;Relais-Status Sammelstoerung;0xA152
nvoRelayState_HKP3_GWG;nicht belegt;0xA152
nvoRelayState_Abgas_WTPumpeGWG;nicht belegt;0xA152
nvoRelayState_Pumpe_Ladesystem;Relais-Status Pumpe Ladesystem;0xA152
nvoRelayState_UV_Heizen;Relais-Status Umschaltventil Heizen;0xA152
nvoEffectSetpt_BLR_GWG;Kessellsolltemperatur ;0xA307
nvoEffectSetpt_BLR;effektive Kessellsolltemperatur ;0xA307
nviProdCmd_CFDM_value;Anlagen-/ Kessel-Sollleistung - Wert ;0xA380
nviProdCmd_CFDM_state;Anlagen-/ Kessel-Sollleistung - Status ;0xA380
nviApplicMode_CFDM;Betriebsmodus Anlage / Kessel;0xA382
nviSetpoint_CFDM;Vorlauf-Solltemperatur Anlagen / Kessel;0xA383
nviConsumerDmd_Temp_CFDM;Vorlauf-Solltemperatur der Heizkreisregler ;0xA385
nvoPWRState_CFDM_value;Anlagen-Istleistung - Wert ;0xA38F
nvoPWRState_CFDM_state;Anlagen-Istleistung - Status;0xA38F
nvoEffectSetpt_CFDM;Aktiver Anlagen- / Solltemperaturwert ;0xA391
nvoSupplyTemp_CFDM;Anlagenvorlauf- Kessel-Isttemperatur;0xA393
nvoProdCState_HarteSperre_CFDM;Prod. Status Harte Sperre;0xA395
nvoProdCState_SP_CFDM;Prod. Status SP-Betrieb;0xA395
nvoProdCState_Speicher_CFDM;Speicherladung;0xA395
nvoProdCState_Fehler_CFDM;Prod. Status Fehler;0xA395
nviDHWC_Setpt;DHWC: Warmwasser-Solltemperatur;0xA3C0
nviDHWC_ApplicMode;DHWC: Betriebsmodus - Warmwasser;0xA3C2
nvoDHWC_ActTemp;DHWC: Warmwasser-Isttemperatur;0xA3C3
nvoDHWC_EffSetpt;DHWC: Effektive Warmwasser-Solltemperatur;0xA3C5
nviHCC1_ApplicMode;Betriebsart - bei externer Vorgabe HK1;0xA400
nviHCC1_SpaceSetpt;Externe Raumsolltemperatur HK1;0xA401
nviHCC1_FlowSetpt;Externe Vorlaufsolltemperatur HK1;0xA403
nvoHCC1_UnitState;Aktuelle Betriebsart HK1;0xA405
nvoHCC1_EffRoomSetpt;Effektive Raumsolltemperatur HK1;0xA406
nviHCC2_ApplicMode;Betriebsart - bei externer Vorgabe HK2;0xA440
nviHCC2_SpaceSetpt;Externe Raumsolltemperatur HK2;0xA441
nviHCC2_FlowSetpt;Externe Vorlaufsolltemperatur HK2;0xA443
nvoHCC2_UnitState;Aktuelle Betriebsart HK2;0xA445
nvoHCC2_EffRoomSetpt;Effektive Raumsolltemperatur HK2;0xA446
